id,nombreCompania,telefono,correo,rn,direccion1,direccion2,direccion3,direccionEnvio1,direccionEnvio2,direccionEnvio3,infoAdicional,folderId
1,Agencia Nacional de Hidrocarburos,,,,,,,,,,,1_-bsNR8Ph-OMVWwDYuLN1L8KrPt55_aB
2,Reynaldo,,,,,,,,,,,1_TbcA5r3qYT18bYRQRZlJU4T9vynY7BQ
3,UNIVIDA,,,,,,,,,,,1-xYzJNknO19QWmGxL8or13dQ1DJqFXXL
4,CLUB HÍPICO LOS SARGENTOS,,,,,,,,,,,1-zt7DksJWdFJ8y-ifbG-7Ysh97prHxDp
5,"Ministerio de Trabajo, Empleo y Previsión Social",,,,,,,,,,,109QBp3YE40CYD6WANO17FTkWxgAK8zrS
6,Jorge Marquez,,,,,,,,,,,10pUFVLcL2DygWzbBRo-lcwu0cq7p7EGX
7,SERECI LA PAZ,,,,,,,,,,,10VXn3_jx2H5_kkEGFeDHRJh3tSPBz1fA
8,Viceministerio de Coordinación y Gestión Gubernamental,,,,,,,,,,,111n2hbeQAnO7J2x6S9sJc70wkWKy7HEP
9,ESFM EFD Antonio José de Sucre,,,,,,,,,,,115_TDTO6dMXqlf890gJm3RWqHsYziPQB
10,Cliente hoy,,,,,,,,,,,11i4UT7VB3IoVLNVUqRkeddONvaYjeUOK
11,Enio Cortez,,,,,,,,,,,11kw_4vSm8lr2tTL2vPiW1L8fYy2vsAFA
12,Boliviaven Group SRL,,,,,,,,,,,12525NRJaTer9NL9e8bIoliMEboAYW5FL
13,Tribunal Supremo Electoral,,,,,,,,,,,12gs4T2QTsWKvOjnR7OijTmUB59z9effz
14,Escuela Nacional de Salud,,,,,,,,,,,12W2nO8aP050Zarjel08nuGEx-KzAbPJe
15,victor ,,,,,,,,,,,12zPbgYHN2mJrHbZqClXulZhBhFCqpB2D
16,FNDR,,,,,,,,,,,13Ge0WpSt2hCM_nqaO4Ngwf2beNBD7KaV
17,Almir Villca,666666,q@gmail.com,,,,,,,,,13hi27oIOzhYOYhVitsLiVd2nuUeR6DkM
18,SEDEM,72890235,,,,,,,,,,13NfbbgHGogdbBKFPdHHplvjXzqGuXi9l
19,Ministerio de la presidencia,,,,,,,,,,,13qmionsW-EcSkn3h-x1SNj9XknlIGtW9
20,Ministerio de Salud y Deportes,,er,,,,,,,,,13y3gbeE2b36bOSIN46H4cmOqJKWF0j7Z
21,Covipol,,,,,,,,,,,14AS1cCxFi1oBxG5QBpfnO8WWKLbHlPWj
22,Cliente placas,,,,,,,,,,,14Jatn2IA_HlakdRRUvHxOq2mjOa0stnS
23,CONSTRUCTORA MOSCOSO,,,,,,,,,,,14twIKELR3qAkSHcsY3AdOE1rJGC-qgn4
24,STRUCTEC SRL,,,,,,,,,,,15dMgwMxFw3CF-fTKZOu1bFI4rzCdOVLG
25,Grupo GOD SRL,,,,,,,,,,,15IIeEVR4CUujTjVy7y3w2U3jn7-Xmian
26,Almir agregado,555555555,,,,,,,,,,15MPGXqTBzTOaOx2Y9SEklBZCT5cb8T0k
27,Cliente,,,,,,,,,,,16ki6TQosc3OeGhaz6LpvyaROA3IxfxTJ
28,Caja Petrolera de Salud,,,,,,,,,,,16nZHIKWrsU-qwP8Jjh44Lr9MllgMIoQs
29,Órgano Judicial La Paz,,,,,,,,,,,16SufHc4UY7bLUJ1WxM74Of0q9sJHHFah
30,ALMIR,,,,,,,,,,,17cZ2lLlJVjEoQdkYiOj2sCe1nHqZJasS
31,beta aoli,,,,,,,,,,,187_aVg2ygX80nCMZOtZ65HiTNbTIYw76
32,Gabo,,,,,,,,,,,187syCamglpsWOXsxhKvjcWgG3CoCh5Df
33,NAABOL,,,,,,,,,,,18cgkqcGQmnvMGPKGClfuzUIcMvyCDg-c
34,EEPAF,,,,,,,,,,,18HFDvm5Rn6AIAJ877PHW9vPJ9c1_O2qH
35,Mack Lucky,,,,,,,,,,,18sg0pYfMWwXzzuytz3Z8tXIQp4gYuWDY
36,Gabriel,,,,,,,,,,,18vbBqZG0xu8BeyfRFEQpVI3s-oTbmwxy
37,Prueba,6973237,,,,,,,,,,19D3MRtrcfYfQN4PEGboD0-ZeBPBmo_GA
38,Instituto Nacional de Salud Ocupacional,,,,,,,,,,,19I-nU5aMjuzbOP2iPBJyI15fS3M3HKQj
39,Viceministerio de la Coca,,,,,,,,,,,19qCEerdvvINdRqjkUpAs3Gxjv_nlf3Vl
40,Ministerio,,,,,,,,,,,1A0HhftIh_NLXFfwKhSZNhB5ITMGKAQ3F
41,Autoridad  de Supervisión del Sistema Financiero,,,,,,,,,,,1a82GMFjGR5dYnA9iZAcep9QOoGp2QLnp
42,UNIVERSIDAD DE LOS ANDES,,,,,,,,,,,1AbQVqQT9NCrqpdzn0uhv9t5BmlMX89NK
43,Rodrigo Chambi,,,,,,,,,,,1AeL4T5iICl1rMjcMkH-zxG4CFtcbxmpZ
44,Ministerio de Educación,,,,,,,,,,,1AmEfkJxieoKO7IgKydlwmXKCIH6TyPJ4
45,Instituto Nacional del Torax,,,,,,,,,,,1ANC6_W_QgttZLXPidKGBtGi1Cz-UgH0x
46,Luis Alberto,,,,,,,,,,,1Au7RBQ-JbNXU251Hx2_TIj9wMfVtoVQ8
47,SERVICIO DE IMPUESTOS NACIONALES,,,,,,,,,,,1B4Jex0YqibHSNrZDAgDZ_rLHSvnw0yKg
48,Caja de Salud de Caminos y RA,,,,,,,,,,,1bBAr55xjR5xR7Zo-V0FbJmdht7EdtdXz
49,CONECTATE SRL,,,,,,,,,,,1bC332SUr6q9NzF8osV-0xsNFwziTNER5
50,hg,66626262,alli villlll,,,,,,,,,1Be258AMtR2W1jGWMCwSUob9aQoOvq4Z2
51,Ejército de Bolivia,,,,,,,,,,,1bMKmjGdAyHZjab_HjYS0QjKuzCfcvhd6
52,Autoridad de Impugnación Tributaria,,,,,,,,,,,1BnVXIHg_4UkmZsMJcX5BNxswfNdCFug4
53,Muserpol,,,,,,,,,,,1bo6ljHEWZ5BhJL0UTLUrtIlK4mfpnCLL
54,CARRERA DE INGENIERÍA CIVIL - UMSA,,,,,,,,,,,1BOHJ6tn74SSoyXnXXMwconIfWZskIZqt
55,SEGIP,,,,,,,,,,,1BS1qpGJ6BMWJtZ_iqm9vDbhmSFjHYjzR
56,Organo Electoral Plurinacional,,,,,,,,,,,1bsyaFlzu-RzzLyD8NA0HAvERrigW2H1O
57,PROYECTOS ESPECIALES - UPRE,,,,,,,,,,,1bUQG5zOK-W93suCyiC3U9FGrJQN954w6
58,GAM HUMANATA,,,,,,,,,,,1bxC6fz8Jygwy-InwT8tMsstNDNW6BS8F
59,hfwwrhr,,,,,,,,,,,1BYeY0DOBwmKrNMxvPbx5H-wVqD3kmz7G
60,Empresa Pública Nacional Estratégica de Yacimientos de Litio Boliviano,,,,,,,,,,,1c0G3G6QvqHT0Zf2u3TsWjYDoo8NwNh_K
61,ARTES GRÁFICAS SAGITARIO SRL,,,,,,,,,,,1c4r1AiBPerWBw0_ueOMOqCgqQkmlA2uK
62,Prado,,,,,,,,,,,1Cbf0X090z0n1r3DVa2m62MJ4gtKOjODX
63,CIAAAT,,,,,,,,,,,1cJ_rGS4ONyqmvIPX1dSQFAl325U27DIk
64,Fundación Arcoiris,,,,,,,,,,,1CK_IJu8ivpWyXUoAta4C4u8sI9dKo-82
65,APS,,,,,,,,,,,1ClXz43NPkRIhA8MDHWLJHpzxJairbqkB
66,Juan Carlos Ugarte,,,,,,,,,,,1D21PXR64r_1_6i8TtYxlgK_f7JvhiTf_
67,Gabo.,,,,,,,,,,,1daszDVPYeESshAEIUVjrvzyKHaN0NK19
68,Vicepresidencia del Estado Plurinacional,,,,,,,,,,,1dh9JA43q_yN0fT85zt_CZabAVoywRWAu
69,Gerencia Distrital La Paz,,,,,,,,,,,1dlolBchaiiIrvEKogqtaYAbn-BhrlARs
70,Sánchez,,,,,,,,,,,1DSHOAtaduN6x3HM7o8Qm1MRp0LUVrVDR
71,Posgrado Medicina UMSA,,,,,,,,,,,1dthei-UnP1oS38HfVAb48W_bVYDkdAfo
72,DEFENSORÍA DEL PUEBLO,,,,,,,,,,,1DtJo6ojV14ow_dlu2CmZSucPBGc_MkmC
73,Vias Bolivia,,,,,,,,,,,1e5498V7P0H5uX-ZGZ57Ep36AvQV5jn6Q
74,Fiscalía Departamental de Oruro,,,,,,,,,,,1e9G8EWUfGb6PMSxkJ8Wgf84DMFxS5PsY
75,Ministerio de obras públicas servicios y vivienda,,,,,,,,,,,1EftiJKARr4Mgx1gRNDaHXKgcZMdsDoCB
76,Asociación municipal de Skateboarding,,,,,,,,,,,1EIPKUkAqGtJcgptJSnQVzm_5cLZDca_W
77,AIT,,,,,,,,,,,1emGzQKFs648E--Gm2YbV114EvcIiCJ2J
78,Hugo Ferrufino,76269000,,,,,,,,,,1EOHMH_IHhLvEJQ4PFQnov0M7paxYAs_m
79,EMAVIAS,,,,,,,,,,,1EppM1RCWuHUO8e-vGCLjimwymc9HfuOJ
80,GOBIERNO AUTÓNOMO MUNICIPAL DE MAPIRI,,,,,,,,,,,1ErbaT5I867kvBHpLdMGwKu1uFLmpGrxW
81,MASUFU CORPORACION SRL.,,,,,,,,,,,1eYQPaVqqKd--3Pwk6hcIICwpSst1u4qr
82,Aduana Nacional,,,,,,,,,,,1F3kxL-ouhHsThmyh2wek69VOBCxI6DuG
83,ASFI,,,,,,,,,,,1F3Njn5XbkavDmd1HZz_cu1Cm2cQj6QfK
84,Ministerio de minería y metalurgia,,,,,,,,,,,1f81dNdQGvnmwISDgzpBpefy3nZDEZwGg
85,Consorcio Bolivia,,,,,,,,,,,1FA9P4VyqUH3FSQPI6tecFzFQTpf--iWH
86,Lorenzo Gordon,,,,,,,,,,,1Fea2nACplewXcYRZZ8IMamz0EoP6PzTZ
87,señor patasca,,,,,,,,,,,1FEklVBQubj5gkmgdXJaG3WbFEbJ3iwqI
88,IINSAD Facultad de Medicina UMSA,,,,,,,,,,,1FG0uANNpcmOxOItcJjRvmweH3bn5woRL
89,Santos Cancio Huayta,,,,,,,,,,,1Fo4hCywewQAoLAX-IgP_oFufu-mMUW3X
90,Cliente YUNGAS,,,,,,,,,,,1fSDMwtcCjyurgWkLTiwfcr9qLEEIo1lK
91,Entidad descentralizada municipal de cementerios de La Paz,,,,,,,,,,,1fZcrRAk9gpa1ZivF_GWU0ffgMosNP0uB
92,Autoridad de Fiscalización y Control de Cooperativas,,,,,,,,,,,1g_8Jt8FGofH4V2qFCYpw1b7Zcj3mcUQj
93,Cortez,,,,,,,,,,,1G6Q1gpez8dQS2D7pMSeeMs0ZLwUjs9SQ
94,Jessy,,,,,,,,,,,1GceZKNotGK92d-S-VHm-LWjsp8kRZHK6
95,FRANZ,,,,,,,,,,,1GCP0zVjZidpXxkZTwkoebLwS6qvXN2eT
96,Javier Cobija,,,,,,,,,,,1gkllVgV530zgrL5WGYxrobzkPxEnXHDl
97,Agrotec SRL,,,,,,,,,,,1Gl5U1b9J6zS17TIdX0fxgtWl-TofuMmo
98,INIAF,,,,,,,,,,,1GmJvY0ZA1eZW70OBnYhOXO6hzKPnsZlG
99,Museo Nacional de Arte,,,,,,,,,,,1GsCWshf0mr1A2ocQnhGa_idOcaWTk8Uq
100,Ing Javier Mariaca,,,,,,,,,,,1H9I5qsLg04L2zumtmsBm_nEb1w-o3az-
101,UNIVERSIDAD MAYOR DE SAN ANDRES - CARRERA DE COMUNICACIÓN SOCIAL,,,,,,,,,,,1hf281bJ3wVneCJb-JbfBLjDbxOPHKr7-
102,EPSAS,,,,,,,,,,,1HH6xMLdoiRT96_hq8WMFbKiFZy76UrFk
103,UNIVERSIDAD MAYOR DE SAN ANDRES,,,,,,,,,,,CLIENTES_1786455085650_29466
104,victor ,,,,,,,,,,,1i4ePJNR28wZXX9ITxN3dyw_BvNe1C0PI
105,ABC,,,,,,,,,,,1i5lwsdMfD5OscU86JrPG6iNRcT0YgHMk
106,Cliente paneles,,,,,,,,,,,1iCFdQHGqfKSsmGyqsecSXy2dCe2cDDkO
107,Juan,33333,,,,,,,,,,1ih2AhugauqWS3heqzo2Qi5p9ZZP_z0iQ
108,Yasmani Fernández Alvarado,,,,,,,,,,,1inxDBmHVij2fewF0l3QjifAJhSOYgZuj
109,RICHARD CRUZ,,,,,,,,,,,1ITJtbOyQXWAbvtUMKygLcO6HiG2SO4yn
110,Censo,,,,,,,,,,,1IV83NOgduuiRjq3nO2zTm3qXo1RPc51F
111,Thomas,,,,,,,,,,,1IVoAq6PZ3GLfAnkWBeDPGBJMfRuYiDBA
112,HOTEL PARIS,,,,,,,,,,,1IwoknMC5N2yjUcIJXsV4DqN6XamAedQw
113,Ministerio de Medio Ambiente y Agua,,,,,,,,,,,1IyY7f2_l8B9IV4fMgt2Nr39hImr2lmBC
114,1,,,,,,,,,,,1iZlUlY_m6fsJqdxM8y9vjgrE3Uqo4Wnb
115,Huancane,,,,,,,,,,,1jAAbMZvLU-yuzLLnPDpcINxyd8WSk2wT
116,GOBIERNO AUTÓNOMO MUNICIPAL DE EL ALTO,,,,,,,,,,,1jAVupYlTuxULoJ1stjXSUAbanH8dqeRb
117,MINISTERIO DE EDUCACION- I.F.A. ESCUELA DE DANZA DEL BALLET OFICIAL,,,,,,,,,,,1jEz6tUupGGxglYOWsnWr0kIXFkacHkhE
118,Lopez,69732537,,,,,,,,,,1JFnxOfOfMdHQ0K3CIEhooXWFydZPWTRO
119,Cámara de diputados,,,,,,,,,,,1JhcOG-HBRia-0PcB9c0nycQx9zEoWxO_
120,Afcoop,,,,,,,,,,,1JHJwhDPskc3NBelQilF3SuxCOUeb-AjU
121,CARITAS BOLIVIA,,,,,,,,,,,1jhS2p5DCeN3QQUVRGjKJ73k2jrlwc0BD
122,Instituto Nacional de Oftalmología,,,,,,,,,,,1JOXNDAcsD_88Wdwo42rQfHRTy34Ayo7v
123,Unidad de Coordinación de Programas y Proyectos UCPP,,,,,,,,,,,1jPbEw7bHtPuf7DewLalEyQMf-AZOwFN9
124,ADMINISTRADORA BOLIVIANA DE CARRETERAS,,,,,,,,,,,1jqvDjRRyyacAP5DCrGpyr5Y0JRkHJj0z
125,ENDE,,,,,,,,,,,1Jr4GHM5QvUEQWA5mgOzth5cRhye48O0a
126,Gobierno Autónomo Municipal de La Paz,,,,,,,,,,,1jt5uKhd354k65cVMjlrqIVSzyVKlVH00
127,SEGUROS Y REASEGUROS PERSONALES UNIVIDA S.A.,,,,,,,,,,,1k_iO3AgKDnd92MpZK1sh1kzt5RDYoQh0
128,Instituto Nacional de Torax,,,,,,,,,,,1k3rRpy-nQo0eWzaeUzMt29GfQVrL14gv
129,GAM LURIBAY,,,,,,,,,,,1k8TH9r0Zw8-WoxHW2lgWTEZ7gnsDXZt1
130,GAMLP,,,,,,,,,,,1L--DrVrE7GcakDMqhzbsflXcjc4BjH74
131,Cotización,,,,,,,,,,,1l6QLyjMo-gRbTnkj3k1z2HbZJs_U-Mct
132,Andrea Mamani,,,,,,,,,,,1laZ0Rfydr9fxCN9VqCpLoaUr_PwYAKhr
133,Gabriel Arancibia,,,,,,,,,,,1lDQgLXrRYFekU_dX2bxP9AJvi1WWuq1O
134,Programa Bono Juana Azurduy,,,,,,,,,,,1lEpWJTow5lk4VwgDnxPLHvo4KMYzobnB
135,lami ñññ,,,,,,,,,,,1lrut2zcKOoKYkKnMqghC3l3tpB5sCTQi
136,Gestora Pública de la Seguridad Social de Largo Plazo,,,,,,,,,,,1luwvDRDa-AxyOAk5npNAvZHY-L-RyDFi
137,Facultad de Medicina UMSA,,,,,,,,,,,1lvWWChuFJJwGwMx2XapUP6sgGiDcVc0o
138,Escuela Boliviana Intercultural de Danza,,,,,,,,,,,1LyXnSghwJs3JyFLb7_A78qA9X0SuPpdY
139,INE,,,,,,,,,,,1mWBCRcIWblX0YOZ-xcoOl8-sV9JJSTsg
140,ENTIDAD DESCENTRALIZADA MUNICIPAL DE BUSES LA PAZ - EDMTB,,,,,,,,,,,1MYBnpgDn9gp4Z1wMasgJIGJIuKaBCemz
141,Cliente cotización,,,,,,,,,,,1N0vVCjF1hVRBaq3ESFl1rIZgBNm5VlOa
142,Conservatorio Plurinacional de Música,,,,,,,,,,,1n6DawNi6zU5ws0cZfyoZy8oOSY2Nupwf
143,SENAPE,,,,,,,,,,,1NpkGcrk5t6tZDXiTcA0Ts3wxXTJ85BW7
144,Subalcaldia Hampaturi,,,,,,,,,,,1nS-UO-8qUVZKOUR22yAmtK3lrYa1XqxD
145,Cesar,,,,,,,,,,,1NTNnukXKrjrSY-eYbjyiO9XkQNlpxpiV
146,Camara de Senadores,,,,,,,,,,,1oF0aV7ev6sBSPlUi8r7r2b05JO34NUKX
147,MARIO MENDEZ,,,,,,,,,,,1Og8m2qeNPsBoI2K7RmiA7iBGdiPj91hn
148,N,,,,,,,,,,,1oH86UTQw7mgIVi82rUXeNamd84fFQarl
149,SENARECOM,,,,,,,,,,,1oPQDSRHNJFbuZx7qbPG0SCar210531rp
150,Ministerio de Obras Públicas Servicio y Vivienda,,,,,,,,,,,1Oxio29B2Nm-hUgtJJqtgM0tk3x5GPGNJ
151,Unidad de Proyectos Especiales - Ministerio de la Presidencia,,,,,,,,,,,1OXw07Z_0MYH9f7LlqIGzkJNyiHxmIuzo
152,Entidad Descentralizada Municipal de Maquinaria y Equipo,,,,,,,,,,,1P_1JGcQ-k_PkNbgizwyDQ8ElC-CyS-FF
153,Gobierno Autonomo Municipal de La Paz,,,,,,,,,,,1PcsvrpyOJj6q0j3GnfUvGJfAYk4MlhSo
154,Valdemar,,,,,,,,,,,1Pf_6fIRTQs2jyve4HLaycRQrl99rVqGA
155,Paulo Carrasco,,,,,,,,,,,1pfthQCajKaugSPl4cPJz_4LqsLt-F3Br
156,Mi teleférico,,,,,,,,,,,1pJ7HaO-aWGqO7IvWx9ARPn3rAOv07u3H
157,Museo Nacional de Historia Natural,,,,,,,,,,,1pKqtEzJZpHhD26TIi_eoLyQLgaNy46wQ
158,Manual de Servicios al Policía,,,,,,,,,,,1PNShVcOajW7m3Dye60RGr4xbEld2topQ
159,Autoridad de Supervisión del Sistema Financiero,,,,,,,,,,,1ppaxkUia5Dq_ZwkAJkbsF_P0YoalJjkD
160,Cliente Beni,,,,,,,,,,,1PQ6VN6MhvWPLvrlUp8cdaYg9dz7TGkWb
161,Organo departamental de Justicia,,,,,,,,,,,1pSfxmF9HXt0FzZm4Ssq-IMms0HPov2Hf
162,prueba qlmi,,,,,,,,,,,1PT5lxeFz0k4nahZuL5BaEz--YDe2kHZ8
163,Titirico,,,,,,,,,,,1pW86BPyhysaL58qa-YdQYzVDvDtFMysx
164,IBMETRO,,,,,,,,,,,1PXId_ByfPWxQP1ENaO5UVxGi3ApwYN1z
165,UMSA,,,,,,,,,,,CLIENTES_1786983275298_295095
166,Luis,,,,,,,,,,,1qEMbI1tfDkjl6lvNAHcudpIwZd97nxUL
167,UPB,,,,,,,,,,,1QHKSPxSa0btIIhSGPX46kXmYZ3MBtqF9
168,Cotización cables,,,,,,,,,,,1QNE_Qx6tWMZG-lZ7Ga-GYZ2n_YPsgGt3
169,ASCINALSS,,,,,,,,,,,1QqB5JRl64hETtURPZ2sMNsbY5XhemITD
170,CAJA DE SALUD,,,,,,,,,,,1r5vRsGJyE0VlHnkbewYdVRW1PzU8cgq_
171,TAM EP,,,,,,,,,,,1R70RH73jOskSn9nY2pyofaFNd9SBCIqF
172,LEI,,,,,,,,,,,1r7142CUFJLDVp5tEsh9XNm2U0Jt5rY9v
173,Ministerio de Gobierno,,,,,,,,,,,1Rgm-rNNCfIJyj2CcMkFHEk_qRFpf00Gm
174,Unidad de conciliación ciudadana y familiar,,,,,,,,,,,1rL1cqR1de--RbpQWgDXIxOW67GPFYct1
175,Universidad Mayor de San Andrés,,,,,,,,,,,1Rr-fyM00QT9oS3NBLCEHcxJWLycm3Gpj
176,Agencia Estatal de Vivienda,,,,,,,,,,,1RuedKKhc-AQZuealG8ih9GPD9QPD933s
177,Coripata,,,,,,,,,,,1rwpxFBm1UypewwG4BnWC_x3TKUEwswKS
178,Atiña to fly,,,,,,,,,,,1sA3RkE00eg_zSUwWzZFdPPfJDKoakvFk
179,Miguel,22222222,sjsjjsjs,,,,,,,,,1sCiHaI6G0h47KAxiONnTdD3Hu8NWEPZz
180,Marco Antonio Mamani,,,,,,,,,,,1SgcMvCSUa48Y78qb81O8l1plwop5rLD3
181,POLICÍA BOLIVIANA,,,,,,,,,,,1sJoHrlKxkCOe-jw63CKGfO-UhWj_iq5e
182,Ana María Choque,,,,,,,,,,,1SrlIEHSk_NmlIJrMSKUhQHaYK6sMH2wY
183,Servicio Nacional de Patrocinio del Estado,,,,,,,,,,,1Sve2PjW4Yt6yK4egF9lS0TwTlQze8nK2
184,ARQUITECTA BALDERRAMA,,,,,,,,,,,1SXjZrudC0S_vWJeAXJmdO85QpAiWLWdb
185,CASTAÑARES,,,,,,,,,,,1SyoN1WPhEMJv8OVsdOlYBmW1KdouPwVX
186,Carrera de Psicología UMSA,,,,,,,,,,,1SYRR0i8MQqrHlsUQ0iVvnoiFKXY0Rfcj
187,Carrera de Mecánica Automotriz,,,,,,,,,,,1SZ8taU1b9LCha21wj7014X_swKBjJNB3
188,Ministerio de Justicia,,,,,,,,,,,1t9VwpubUAAtOy3B4tGPexCrMRBEPLREL
189,Programa Juana Azurduy,,,,,,,,,,,1tbr9zBZE5nLQaGZDYL41NuR4Krt_vueG
190,Emaverde,,,,,,,,,,,1TCEpuZyjnfef7fOw6CbZVmlKHOFejUkP
191,SECRETARIA MUNICIPAL DE CULTURAS,,,,,,,,,,,1TDuDAPvrVEMjudGLYq9vH5II_7DjglsP
192,señor pats,,,,,,,,,,,1TqxRbOwFoKb4ygaJENv711yudJrPyZZH
193,Hospital Municipal de Los Andes,,,,,,,,,,,1tUjV8vwycYzlevE-PosyGYupwiJmpeHZ
194,Ejercito de Bolivia,,,,,,,,,,,1tvXmcLGgR_mkxzgMuNVf4wv_6hobD04z
195,Gerencia GRADO La Paz del SIN,,,,,,,,,,,1Tyg-UD8oUUeBeLHZN3YDc7ztTy5rk1NE
196,IEE LTDA,,,,,,,,,,,1UBhLTrIVLv4249_YMwDmKRgf5otT7b7_
197,Gobierno Autónomo Municipal de Reyes,,,,,,,,,,,1UdmQz1bza9pbHTcg4XlWxj_GEkcr2VpO
198,"MINISTERIO DE CULTURAS, DESCOLONIZACION Y DESPATRIARCALIZACION",,,,,,,,,,,1uOPwI8y7e3a8IC2PYMda0hbuD81F3qqp
199,SENAMHI,,,,,,,,,,,1URAGyxorJqBvyEdtkgC2VnNYLdCKHnQn
200,Cliente #345,,,,,,,,,,,1vBgV6z0DSFz4ny3Lrxr3T0lDMPtXh0Bx
201,Alfa S.A,,,,,,,,,,,1ViTr4XJFX93UbEkyWxsNxa2TAxMfoR4B
202,Diego,,,,,,,,,,,1vK-o6JdUOINSu2qPSITSmRA0ovqYmf7h
203,Jesús,,,,,,,,,,,1vZ3Mh7IAIHMXECAkcpe193NZHcm725t6
204,ATT,,,,,,,,,,,1wAjr6e8-wwrwpK1TE9uEuER2PkvauLoF
205,Darío Durán,,,,,,,,,,,1WebRFR4BCetHFM9d9W04CmpO3QR-qo7b
206,HANSA LTDA,,,,,,,,,,,1wHV4lgSfBb3hl8fMUweXBcvlX9lP2Mc0
207,CRISTO VIENE,,,,,,,,,,,1wItTF9L_ZFXVH637w8neEHrscskFbZJL
208,SERVICIOS DE IMPUESTOS NACIONALES,,,,,,,,,,,1Wk_60NnV30K6JUE8pTs-_gPwitZcQFh2
209,GAM CURAHUARA DE CARANGAS,,,,,,,,,,,1WQGMm9DMW1uaA5ok-6LTc7BMfxrpUtmL
210,GAMLP INTENDENCIA MUNICIPAL,,,,,,,,,,,1wTAKQICjIouAsq2P9pJiu_g8SMkr7iIP
211,DIPREVCON,,,,,,,,,,,1wvf9HzzTgt_ZuSZg2JlptwBgtj1nLGhL
212,Museo Nacional de Etnografía y Folklore,,,,,,,,,,,1x_txBvaq2UZBwKarxU_Dtp5_gnPu3UdI
213,Ministerio de Justicia y Transparencia Institucional,,,,,,,,,,,1x1lecQZEgTjTkXpWQRMtL7ntWdPFhbax
214,Procuraduría general del estado,,,,,,,,,,,1xa95Wlpz0-l-4Hdx9rxGtA3ot24D-Uny
215,Cliente Guirnaldas,,,,,,,,,,,1XaCeg9EpSvu09BEPrh0NUFkfwcsJZg0s
216,Laboratorios IFA,,,,,,,,,,,1XCh24w2tyWf99U6OLU6QXv5aBJoBCIMt
217,Arminda,,,,,,,,,,,1XCPOtEY__CGPm_5ClQ_Jt68bAKnx6TxW
218,Cámara de Senadores,,,,,,,,,,,1xDm5gB247AaM3ko-XqXO52WS3Q8u5v6z
219,ELECTRORED BOLIVIA SRL,,,,,,,,,,,1xe2v7GuraCPBC3a4v0g8XBhhpDpMt1xr
220,Ministerio de Desarrollo Productivo y Economia Plural (Quipus),,,,,,,,,,,1xGctqWwiL4_QPSvoRtxRATYVnFhUgYAR
221,Ximena Garnica,,,,,,,,,,,1XjsA_82WZXsGMS17HhtIzfpmWj5tPRPm
222,Contraloría General del Estado,,,,,,,,,,,1xOsjaYaruH4z9yUHpzZXNPD-khc43nFY
223,Camara de Diputados,,,,,,,,,,,1xRMlBc6jO2_oQfO5_V26Wbi5MiFib7Or
224,Gestora Pública de la Seguridad de Largo Plazo,,,,,,,,,,,1xS5i9a3WkWgnCuKz31MDmWs6qIC_5cty
225,Patricia,,,,,,,,,,,1Xtp2pDuF4yFtg2s02gcPXzdwVL4Cut7h
226,Ministerio de Planificación del Desarrollo y Medio Ambiente,,,,,,,,,,,1XYZHwn-LuQMztTi3eG5yBXdNH4BWmcER
227,Ministerio de,,,,,,,,,,,1Y-bhAn1WMHXzkYG6NQhB7DULaFTo7ytU
228,OPEN HOUSE,,,,,,,,,,,1Y9yLnWHQNTLbKMIiV9hBBCkddPzbHeen
229,Cliente Uyuni,,,,,,,,,,,1YIrHftc-ohx-gcwniWTzZLmB9ITIAi_X
230,Gobierno autónomo departamental de La Paz,,,,,,,,,,,1Yp2Um89NMT9L7DRf8-kPVhi0WVNKLMq7
231,Caja Bancaria Estatal de Salud,,,,,,,,,,,1yupe85JaHsKBt7m_fKAyxxajs_MbD-Qr
232,Condominio Torres del Poeta,,,,,,,,,,,1yVHvlZkzgzSFHe0uAYUn5KeIJfwgLeQY
233,Organo Judicial,,,,,,,,,,,1z8vkbQpOacT3DBB_zrkCgNZgdtqCgF2E
234,MUSEF,,,,,,,,,,,1zbAD-K6FZU5LC7-zO1hxVdK91ohOWkHi
235,Saavedra,,,,,,,,,,,1zIvMCVUkLCF1GBY5SXt_7sQlgEE6L8VF
236,DESMART LTDA,,,,,,,,,,,1ZKDCuMX4fTD3QOZ4gDXDU99Te6SJxCcI
237,Pendiente,,,,,,,,,,,1znEf37xG1US4K5OJhnVUNoyxThiZR5sR
238,Instituto Boliviano de Metrología,,,,,,,,,,,1ZvaMCiKbs6Xgcdsxdje9_5Wib-qWKP8h
239,Monica Monroy,,,,,,,,,,,1Zwz9rXTByeN5QuBTyN8gQA4ZrKrcotdP
240,Empresa Test 486,123456,test@test.com,123,Dir 1,,,,,,,CLIENT_TEST_1045
241,Empresa Test 962,123456,test@test.com,123,Dir 1,,,,,,,CLIENT_TEST_2288
242,prueba notas adicionales,,,,,,,,,,,CLIENTES_1781558377637_752128
243,hfwwrhr,,,,,,,,,,,CLIENTES_1781559697597_408370
244,pruebaalmir,,,,,,,,,,,CLIENTES_1781560536668_320247
245,Victor,,,,,,,,,,,CLIENTES_1781616287977_565762
246,prueba qlmi,,,,,,,,,,,CLIENTES_1781627353596_213358
247,Almir Villca,,,,,,,,,,,CLIENTES_1781629499210_471007
248,FABRICA BOLIVIANA DE MUNICIÓN,,,,,,,,,,,CLIENTES_1781715313419_845231
249,PAREDES,,,,,,,,,,,CLIENTES_1781722276466_442529
250,Cliente Spots,,,,,,,,,,,CLIENTES_1782329395609_695930
251,prueba ia1,,,,,,,,,,,CLIENTES_1782500220872_818669
252,Unidad Administrativa Financiera,24122425,,,,,,,,,,CLIENTES_1782502339703_532800
253,Prueba 27 jun,,,,,,,,,,,CLIENTES_1782565437772_577651
254,INLASA,,,,,,,,,,,CLIENTES_1782576248742_32441
255,MUNICIPIO DE IRUPANA,,,,,,,,,,,CLIENTES_1782583223256_906622
256,CAF PUB,,,,,,,,,,,CLIENTES_1782749707186_471928
257,ESCULA DE DANZA DEL BALLET OFICIAL,,,,,,,,,,,CLIENTES_1782759035345_40077
258,Haaland,76535258,fyfuffugi@fjfu,,,,,,,,,CLIENTES_1782932403445_476208
259,ytrry,rty,rtytr,,,,,,,,,CLIENTES_1782935403992_52733
260,zjdjjdjdjdjdjjdjbbdjdjdjjddbbdbdbbdbbdbdb,97989559598955959,,,,,,,,,,CLIENTES_1782940901549_581524
261,zjdzhzbbdjdjdjdjjdjdjbdbdbdbdjdjdjdbbdbdbdbdbdbbdbdjdjdjdjjdjdjdjdjjdjbbdjdjdjjddbbdbdbbdbbdbdb,97989559598955959,,,,,,,,,,CLIENTES_1782940913449_962909
262,Cuerpo de Bomberos,,,,,,,,,,,CLIENTES_1783016643349_605677
263,COSSMIL,,,,,,,,,,,CLIENTES_1783021542685_929554
264,MARCOS JAVIER MEJIA IPORRE,,,,,,,,,,,CLIENTES_1783200742103_532037
265,vhvhvhv,5858282,ctctctv,,,,,,,,,CLIENTES_1783365155100_174991
266,UNIVERSIDAD MAYOR DE SAN ANDRES - CARRERA DE LINGÜÍSTICA E IDIOMAS,,,,,,,,,,,CLIENTES_1783367805455_416124
267,"m,",,,,,,,,,,,CLIENTES_1783432889442_695166
268,a,,,,,,,,,,,CLIENTES_1783433721071_445081
269,ARANCIBIA COCA JOEL,,,,,,,,,,,CLIENTES_1786391341750_467161
270,FERNANDO ORELLANA,,,,,,,,,,,CLIENTES_1783468121238_651330
271,FRATELLI,,,,,,,,,,,CLIENTES_1783609861960_110023
272,Gabriel Cumali,,,,,,,,,,,CLIENTES_1783954719268_804684
273,ADM. HOSPITAL MUNICIPAL LOS ANDES.,,,,,,,,,,,CLIENTES_1783955916888_862319
274,SENASIR,,,,,,,,,,,CLIENTES_1783961489875_587225
275,jffjjgjfjfjffjjfjffjf,56656868,,,,,,,,,,CLIENTES_1784147872693_896969
276,ESCUELA DE DANZA DEL BALLE OFICIAL,,,,,,,,,,,CLIENTES_1784566916457_337810
277,d2,,,,,,,,,,,CLIENTES_1784905756374_761769
278,udu,,,,,,,,,,,CLIENTES_1784905857782_549982
279,uh,,,,,,,,,,,CLIENTES_1784905876957_650425
280,hyvy,,,,,,,,,,,CLIENTES_1784906094403_920844
281,u,,,,,,,,,,,CLIENTES_1784911327516_156048
282,uus,,,,,,,,,,,CLIENTES_1784911684614_14945
283,Viceministerio de Deporte,,,,,,,,,,,CLIENTES_1784920393806_744862
284,ju,,,,,,,,,,,CLIENTES_1784992965795_666596
285,dhdj,5+5+,cbcb,,,,,,,,,CLIENTES_1785185365347_217026
286,i,,,,,,,,,,,CLIENTES_1785185541080_323973
287,t,,,,,,,,,,,CLIENTES_1785187028725_436604
288,e,,,,,,,,,,,CLIENTES_1785187896252_700304
289,jchjv,58523588,,,,,,,,,,CLIENTES_1785258921796_41411
290,GABRIEL CUMALI - NIT. 73737277273,58523588,,,,,,,,,,CLIENTES_1785259025336_732123
291,MOLINA,,,,,,,,,,,CLIENTES_1785268024753_310452
292,Alcaldía,,,,,,,,,,,CLIENTES_1785271020592_805987
293,Alcaldia,,,,,,,,,,,CLIENTES_1785271078476_52752
294,y,,,,,,,,,,,CLIENTES_1785423036838_326146
295,hw,,,,,,,,,,,CLIENTES_1785423057547_459822
296,bhh,,,,,,,,,,,CLIENTES_1785423089713_671027
297,yguguguggu,6969969,yfyfygyg,,,,,,,,,CLIENTES_1785424001784_890103
298,tt,,,,,,,,,,,CLIENTES_1785424273735_259947
299,vict,,,,,,,,,,,CLIENTES_1785424343709_229946
300,v,,,,,,,,,,,CLIENTES_1785424343709_273762
301,vi,,,,,,,,,,,CLIENTES_1785424343709_660032
302,victo,,,,,,,,,,,CLIENTES_1785424343709_724345
303,vic,,,,,,,,,,,CLIENTES_1785424343709_925959
304,alm,,,,,,,,,,,CLIENTES_1785424353709_109811
305,almu,,,,,,,,,,,CLIENTES_1785424353709_314443
306,al,,,,,,,,,,,CLIENTES_1785424353709_36962
307,almur,,,,,,,,,,,CLIENTES_1785424353709_754590
308,5,,,,,,,,,,,CLIENTES_1785424363701_836988
309,555555555,565656,,,,,,,,,,CLIENTES_1785424363702_275727
310,55,,,,,,,,,,,CLIENTES_1785424363702_286307
311,5555555,,,,,,,,,,,CLIENTES_1785424363702_436793
312,55555,,,,,,,,,,,CLIENTES_1785424363702_707218
313,dhdhdj,,,,,,,,,,,CLIENTES_1785424393703_45972
314,4,,,,,,,,,,,CLIENTES_1785424717342_278187
315,555555555,,,,,,,,,,,CLIENTES_1785424880569_769919
316,uu3,,,,,,,,,,,CLIENTES_1785424890601_903534
317,ududu d8,,,,,,,,,,,CLIENTES_1785424930577_812487
318,ud7du,,,,,,,,,,,CLIENTES_1785424940569_401604
319,almke,,,,,,,,,,,CLIENTES_1785424950566_590405
320,uu,,,,,,,,,,,CLIENTES_1785424990555_39058
321,ueeueu,656565,,,,,,,,,,CLIENTES_1785425030570_778724
322,ueeueu,656565,,,,,,,,,,CLIENTES_1785425040560_69051
323,6,,,,,,,,,,,CLIENTES_1785425067160_274711
324,6y,,,,,,,,,,,CLIENTES_1785425067162_34739
325,6yvh,,,,,,,,,,,CLIENTES_1785425067163_470345
326,6yv,,,,,,,,,,,CLIENTES_1785425067163_91063
327,hw,,,,,,,,,,,CLIENTES_1785425077119_204820
328,j,,,,,,,,,,,CLIENTES_1785425132308_572149
329,joo,,,,,,,,,,,CLIENTES_1785425132310_265106
330,jooa,,,,,,,,,,,CLIENTES_1785425132310_87864
331,jo,,,,,,,,,,,CLIENTES_1785425132310_961771
332,7w7,,,,,,,,,,,CLIENTES_1785425137170_140025
333,7w7e,,,,,,,,,,,CLIENTES_1785425137170_159688
334,7w7eu,,,,,,,,,,,CLIENTES_1785425137170_496736
335,7w,,,,,,,,,,,CLIENTES_1785425137170_621574
336,7,,,,,,,,,,,CLIENTES_1785425137170_858074
337,vil,,,,,,,,,,,CLIENTES_1785425157068_416422
338,vill,,,,,,,,,,,CLIENTES_1785425157069_274527
339,villa,,,,,,,,,,,CLIENTES_1785425157069_506907
340,cable,,,,,,,,,,,CLIENTES_1785425177060_287569
341,cable pasa corriente u,,,,,,,,,,,CLIENTES_1785425177060_590517
342,k,,,,,,,,,,,CLIENTES_1785425177060_861079
343,Almir Villca,,,,,,,,,,,CLIENTES_1785425207078_621979
344,Almir Villca,,,,,,,,,,,CLIENTES_1785425230240_670809
345,Almir Villca,,,,,,,,,,,CLIENTES_1785425327919_786949
346,Almir Villca,,,,,,,,,,,CLIENTES_1785425327922_932136
347,4h4h4h4,,,,,,,,,,,CLIENTES_1785425347886_162467
348,Almir Villca,,,,,,,,,,,CLIENTES_1785425347886_271382
349,4h4h4h,,,,,,,,,,,CLIENTES_1785425347886_352102
350,4h4,,,,,,,,,,,CLIENTES_1785425347886_570030
351,Almir Villca,,,,,,,,,,,CLIENTES_1785425347886_704196
352,4h4h4,,,,,,,,,,,CLIENTES_1785425347886_81671
353,4h4h,,,,,,,,,,,CLIENTES_1785425347886_831440
354,4h,,,,,,,,,,,CLIENTES_1785425347886_977279
355,q,,,,,,,,,,,CLIENTES_1785425387870_913380
356,qo,,,,,,,,,,,CLIENTES_1785425387871_809544
357,Alcaldia,,,,,,,,,,,CLIENTES_1785425437846_41460
358,Alcaldia,,,,,,,,,,,CLIENTES_1785425437846_588312
359,Alcaldía,,,,,,,,,,,CLIENTES_1785425477850_337325
360,Alcaldía,,,,,,,,,,,CLIENTES_1785425477851_275576
361,Alcaldía,,,,,,,,,,,CLIENTES_1785425477851_700550
362,55556,,,,,,,,,,,CLIENTES_1785425487843_155701
363,5555,,,,,,,,,,,CLIENTES_1785425487843_265322
364,555,,,,,,,,,,,CLIENTES_1785425487843_535313
365,55556,,gg,,,,,,,,,CLIENTES_1785425497858_211353
366,56,,,,,,,,,,,CLIENTES_1785425601124_380924
367,66,,,,,,,,,,,CLIENTES_1785425611301_687510
368,666,,,,,,,,,,,CLIENTES_1785425611301_883132
369,x,,,,,,,,,,,CLIENTES_1785425631033_51994
370,xcv,,,,,,,,,,,CLIENTES_1785425631033_635455
371,xc,,,,,,,,,,,CLIENTES_1785425631033_837374
372,hihi,,,,,,,,,,,CLIENTES_1785425651045_225618
373,hih,,,,,,,,,,,CLIENTES_1785425651045_238523
374,hi,,,,,,,,,,,CLIENTES_1785425651045_685664
375,h,,,,,,,,,,,CLIENTES_1785425651045_736744
376,hihii,,,,,,,,,,,CLIENTES_1785425651045_757984
377,hihiih,+99+9+,bkbkbk,,,,,,,,,CLIENTES_1785425651045_982413
378,hihiih,+99+9+,bkbkbk,,,,,,,,,CLIENTES_1785425661037_944039
379,yf,,,,,,,,,,,CLIENTES_1785425975720_692140
380,yfu,,,,,,,,,,,CLIENTES_1785425975722_229059
381,yfug,,,,,,,,,,,CLIENTES_1785425975722_269008
382,yfugu,+9+9+,jvjkv,,,,,,,,,CLIENTES_1785425975722_544636
383,yfugu,+9+9+,jvjkv,,,,,,,,,CLIENTES_1785425985692_962172
384,yfugu,+9+9+,jvjkv,,,,,,,,,CLIENTES_1785425995766_949770
385,Alcaldía,,,,,,,,,,,CLIENTES_1785426149681_384627
386,Alcaldía,,,,,,,,,,,CLIENTES_1785426149682_936078
387,Alcaldía,,,,,,,,,,,CLIENTES_1785426149683_481434
388,yx8tit,,,,,,,,,,,CLIENTES_1785426289773_290613
389,yx,,,,,,,,,,,CLIENTES_1785426289773_36167
390,yx8ti,,,,,,,,,,,CLIENTES_1785426289773_369273
391,yx8titd,,,,,,,,,,,CLIENTES_1785426289773_47444
392,yx8,,,,,,,,,,,CLIENTES_1785426289773_50445
393,yx8t,,,,,,,,,,,CLIENTES_1785426289773_940208
394,jcjfjf,53,,,,,,,,,,CLIENTES_1785426299727_122690
395,jcjf,,,,,,,,,,,CLIENTES_1785426299727_314239
396,jc,,,,,,,,,,,CLIENTES_1785426299727_714590
397,jcjfj,,,,,,,,,,,CLIENTES_1785426299727_863562
398,jcj,,,,,,,,,,,CLIENTES_1785426299727_872987
399,jcjfjf,5368,,,,,,,,,,CLIENTES_1785426299859_835094
400,jj,,,,,,,,,,,CLIENTES_1785426325427_684969
401,jje,,,,,,,,,,,CLIENTES_1785426325429_526157
402,Alcaldía,,,,,,,,,,,CLIENTES_1785426325429_530355
403,Alcaldía,,,,,,,,,,,CLIENTES_1785426325429_549883
404,Alcaldía,,,,,,,,,,,CLIENTES_1785426325429_962556
405,Alcaldía,,,,,,,,,,,CLIENTES_1785426477145_735426
406,Alcaldía,,,,,,,,,,,CLIENTES_1785426477148_724692
407,Alcaldía,,,,,,,,,,,CLIENTES_1785426477148_883114
408,hthh5,,,,,,,,,,,CLIENTES_1785426536553_300415
409,hthh,,,,,,,,,,,CLIENTES_1785426536553_508198
410,hth,,,,,,,,,,,CLIENTES_1785426536553_577130
411,ht,,,,,,,,,,,CLIENTES_1785426536553_816926
412,Alcaldía,,,,,,,,,,,CLIENTES_1785426610141_353585
413,Alcaldía,,,,,,,,,,,CLIENTES_1785426610143_235888
414,Alcaldía,,,,,,,,,,,CLIENTES_1785426610143_96081
415,Alcaldía,,,,,,,,,,,CLIENTES_1785426917846_264184
416,Alcaldía,,,,,,,,,,,CLIENTES_1785426917848_243753
417,Alcaldía,,,,,,,,,,,CLIENTES_1785426917848_506993
418,Alcaldía,,,,,,,,,,,CLIENTES_1785426917848_527885
419,Alcaldía,,,,,,,,,,,CLIENTES_1785426917848_618539
420,Alcaldía,,,,,,,,,,,CLIENTES_1785426917848_819003
421,Alcaldía,,,,,,,,,,,CLIENTES_1785427073009_995018
422,Alcaldía,,,,,,,,,,,CLIENTES_1785427073010_21984
423,Alcaldía,,,,,,,,,,,CLIENTES_1785427073010_528459
424,u,,,,,,,,,,,CLIENTES_1785427133001_493778
425,u,,,,,,,,,,,CLIENTES_1785427133001_823035
426,u,,,,,,,,,,,CLIENTES_1785427143009_230332
427,u,,,,,,,,,,,CLIENTES_1785427143009_615085
428,jffjjgjfjfjffjjfjffjf,,,,,,,,,,,CLIENTES_1785427153007_569208
429,jffjjgjfjfjffjjfjffjf,,,,,,,,,,,CLIENTES_1785427153007_592832
430,555555555,,,,,,,,,,,CLIENTES_1785427173016_602615
431,555555555,,,,,,,,,,,CLIENTES_1785427173016_787104
432,555555555,,,,,,,,,,,CLIENTES_1785427183013_531732
433,555555555,,,,,,,,,,,CLIENTES_1785427183013_556695
434,Alcaldía,,,,,,,,,,,CLIENTES_1785427324921_823408
435,Alcaldía,,,,,,,,,,,CLIENTES_1785427324922_613455
436,Alcaldía,,,,,,,,,,,CLIENTES_1785427324922_928274
437,eu,,,,,,,,,,,CLIENTES_1785427548551_157179
438,eueu,,,,,,,,,,,CLIENTES_1785427548553_629962
439,eue,,,,,,,,,,,CLIENTES_1785427548553_993285
440,f,,,,,,,,,,,CLIENTES_1785427818507_205271
441,fy,,,,,,,,,,,CLIENTES_1785427818507_297209
442,fyfugu,5635,,,,,,,,,,CLIENTES_1785427818507_375431
443,fyf,,,,,,,,,,,CLIENTES_1785427818507_534467
444,fyfug,,,,,,,,,,,CLIENTES_1785427818507_805116
445,fyfu,,,,,,,,,,,CLIENTES_1785427818507_958582
446,fyfugu,5635,,,,,,,,,,CLIENTES_1785427828503_615065
447,23,5635,,,,,,,,,,CLIENTES_1785427838511_1200
448,fyfugu,5635,,,,,,,,,,CLIENTES_1785427838511_326159
449,2,5635,,,,,,,,,,CLIENTES_1785427838511_378350
450,233,5635,,,,,,,,,,CLIENTES_1785427838511_737569
451,555555555,,,,,,,,,,,CLIENTES_1785427858543_623691
452,555555555,,,,,,,,,,,CLIENTES_1785427858543_783847
453,Alcaldía,,,,,,,,,,,CLIENTES_1785427890832_425656
454,Alcaldía,,,,,,,,,,,CLIENTES_1785427890833_283463
455,Alcaldía,,,,,,,,,,,CLIENTES_1785427890833_344029
456,g,,,,,,,,,,,CLIENTES_1785428110791_101099
457,ga,,,,,,,,,,,CLIENTES_1785428110791_368054
458,555555555,,,,,,,,,,,CLIENTES_1785428206208_209911
459,uwusuw,,,,,,,,,,,CLIENTES_1785428216190_619451
460,Alcaldía,,,,,,,,,,,CLIENTES_1785428246215_120333
461,iuii,,,,,,,,,,,CLIENTES_1785428246215_567475
462,555555555,,,,,,,,,,,CLIENTES_1785428356181_537128
463,Viceministerio de Deporte,,,,,,,,,,,CLIENTES_1785428376187_659258
464,almi,,,,,,,,,,,CLIENTES_1785428468671_781885
465,hdi2ih,,,,,,,,,,,CLIENTES_1785428508655_63106
466,555555555,,,,,,,,,,,CLIENTES_1785428588657_97220
467,oscae,,,,,,,,,,,CLIENTES_1785428798631_937626
468,hwusus,,,,,,,,,,,CLIENTES_1785428956335_261228
469,jshd,,,,,,,,,,,CLIENTES_1785428996281_731276
470,osca4,,,,,,,,,,,CLIENTES_1785429220891_404087
471,7gh7,,,,,,,,,,,CLIENTES_1785429473826_317723
472,holq,,,,,,,,,,,CLIENTES_1785429876052_472551
473,holq,,,,,,,,,,,CLIENTES_1785429876053_924962
474,holq,,,,,,,,,,,CLIENTES_1785429894901_951776
475,holq,,,,,,,,,,,CLIENTES_1785429906014_802768
476,555555555,,,,,,,,,,,CLIENTES_1785429916007_526200
477,tt,,,,,,,,,,,CLIENTES_1785429926016_134182
478,almur,,,,,,,,,,,CLIENTES_1785429926016_174598
479,555555555,,,,,,,,,,,CLIENTES_1785430055999_259399
480,e,,,,,,,,,,,CLIENTES_1785430196014_584968
481,vrbr,85959,bdbdhdhhdh,,,,,,,,,CLIENTES_1785430206017_499911
482,vrbr,,,,,,,,,,,CLIENTES_1785430245997_843063
483,555555555,,,,,,,,,,,CLIENTES_1785430276001_145859
484,cable I,,,,,,,,,,,CLIENTES_1785430346008_91924
485,555555555,,,,,,,,,,,CLIENTES_1785430546000_734540
486,holq,,,,,,,,,,,CLIENTES_1785430555999_864484
487,holq,,,,,,,,,,,CLIENTES_1785430569538_38801
488,GABRIEL CUMALI - NIT. 73737277273,,,,,,,,,,,CLIENTES_1785430586014_305651
489,cable I,,,,,,,,,,,CLIENTES_1785430861791_7230
490,cable I,,,,,,,,,,,CLIENTES_1785430871790_189261
491,cable I,,,,,,,,,,,CLIENTES_1785430871790_579487
492,cable I,,,,,,,,,,,CLIENTES_1785430895822_283206
493,Viceministerio de Deporte,,,,,,,,,,,CLIENTES_1785434545337_961441
494,Ministerio de Educación,,,,,,,,,,,CLIENTES_1785434981712_374548
495,Ministerio de Educación,,,,,,,,,,,CLIENTES_1785436364265_152253
496,Sin Cliente,,,,,,,,,,,CLIENTES_1785436374313_243122
497,Ministerio de Educación,,,,,,,,,,,CLIENTES_1785436640426_995040
498,Ministerio de Educación,,,,,,,,,,,CLIENTES_1785436780021_607469
499,Ministerio de Educación,,,,,,,,,,,CLIENTES_1785436799963_230080
500,Ministerio de Educación,,,,,,,,,,,CLIENTES_1785437070010_212624
501,Ministerio de Educación,,,,,,,,,,,CLIENTES_1785437130003_890937
502,Ministerio de Educación,,,,,,,,,,,CLIENTES_1785453140694_833179
503,Ministerio de Educación,,,,,,,,,,,CLIENTES_1785470084358_878405
504,Ministerio de Educación,,,,,,,,,,,CLIENTES_1785470564289_408955
505,Ministerio de Educación,,,,,,,,,,,CLIENTES_1785470644310_710248
506,joel,,,,,,,,,,,CLIENTES_1785504448730_514258
507,joel,9898/8,,,,,,,,,,CLIENTES_1785504458716_12898
508,joel,9898/8,,,,,,,,,,CLIENTES_1785504458877_723247
509,joel,9898/8,,,,,,,,,,CLIENTES_1785504468705_942667
510,joel,9898/8,,,,,,,,,,CLIENTES_1785504508705_261144
511,joel,,,,,,,,,,,CLIENTES_1785504518705_270814
512,joel,898998,fhhdggg,,,,,,,,,CLIENTES_1785504518705_861742
513,Almri,,,,,,,,,,,CLIENTES_1785504678691_954727
514,Almir,,,,,,,,,,,CLIENTES_1785504758718_719035
515,Almir,,,,,,,,,,,CLIENTES_1785504778686_345273
516,Almir,,,,,,,,,,,CLIENTES_1785504818746_96562
517,Minei,,,,,,,,,,,CLIENTES_1785505020990_737956
518,Mini,,,,,,,,,,,CLIENTES_1785505020991_175735
519,Min,,,,,,,,,,,CLIENTES_1785505020991_245306
520,Ministerio de Salud,,,,,,,,,,,CLIENTES_1785505030960_214485
521,Ministerio de Salud y Deportes,,,,,,,,,,,CLIENTES_1785505030960_898723
522,Ministerio de Salud y Deportes,,,,,,,,,,,CLIENTES_1785505070950_407199
523,Ministerio de Salud y Deportes,,,,,,,,,,,CLIENTES_1785505310963_628383
524,Ministerio de Salud y Deportes,,,,,,,,,,,CLIENTES_1785505310963_992502
525,Ministerio de Salud y Deportes,,,,,,,,,,,CLIENTES_1785505330938_122308
526,Ministerio de Salud y Deportes,,,,,,,,,,,CLIENTES_1785505351305_364839
527,Ministerio de Salud y Deportes,,,,,,,,,,,CLIENTES_1785505370950_637063
528,Ministerio de Salud y Deportes,,,,,,,,,,,CLIENTES_1785505370950_698172
529,Ministerio de Salud y Deportes,,,,,,,,,,,CLIENTES_1785505380938_768567
530,Ministerio de Salud y Deportes,,,,,,,,,,,CLIENTES_1785507780036_406290
531,Ministerio de Salud y Deportes,,,,,,,,,,,CLIENTES_1785507790084_135515
532,joel,,,,,,,,,,,CLIENTES_1785507910176_95889
533,Ministerio de Salud y Deportes,,,,,,,,,,,CLIENTES_1785508050034_333605
534,Ministerio de Salud y Deportes,,,,,,,,,,,CLIENTES_1785508050034_384384
535,joel,,,,,,,,,,,CLIENTES_1785509961082_120393
536,joel,,,,,,,,,,,CLIENTES_1785509961082_552171
537,Ministerio de Salud y Deportes,,,,,,,,,,,CLIENTES_1785511046663_395805
538,Ministerio de Educación,,,,,,,,,,,CLIENTES_1785512287212_910747
539,Ministerio de Educación,,,,,,,,,,,CLIENTES_1785512297203_757161
540,Ministerio de Educación,,,,,,,,,,,CLIENTES_1785512307127_394611
541,Ministerio de Educación,,,,,,,,,,,CLIENTES_1785512317150_807898
542,joel,,,,,,,,,,,CLIENTES_1785512317150_851621
543,Ministerio de Educación,,,,,,,,,,,CLIENTES_1785512537119_685457
544,c,,,,,,,,,,,CLIENTES_1785513885537_444161
545,Cliente Caranavi,,,,,,,,,,,CLIENTES_1785513885537_478793
546,Cliente Ca,,,,,,,,,,,CLIENTES_1785513885537_757876
547,Client,,,,,,,,,,,CLIENTES_1785513895598_409420
548,Cliente Cara,,,,,,,,,,,CLIENTES_1785513895598_60881
549,Cliente Caranavi,,,,,,,,,,,CLIENTES_1785514245549_604473
550,Cliente Caranavi,,,,,,,,,,,CLIENTES_1785514295568_531616
551,"DIRECCIÓN GENERAL DE EDUCACION SUPERIOR TÉCNICA, TECNOLÓGICA, LINGÜÍSTICA Y ARTÍSTICA I.F.A. ESCUELA DE DANZA DEL BALLET OFICIAL",67079501,,,,,,,,,,CLIENTES_1785523565920_76848
552,Ministerio de Educación,,,,,,,,,,,CLIENTES_1785523816996_646950
553,Ministerio de Educación,,,,,,,,,,,CLIENTES_1785523856847_964382
554,Ministerio de Educación,,,,,,,,,,,CLIENTES_1785523896853_928942
555,UNII,,,,,,,,,,,CLIENTES_1785538730379_460454
556,UNIVIDA,,,,,,,,,,,CLIENTES_1785538730380_164152
557,dd,,,,,,,,,,,CLIENTES_1785765806634_123412
558,dd,,,,,,,,,,,CLIENTES_1785765976960_936901
559,dd,,,,,,,,,,,CLIENTES_1785766246636_272710
560,asd,asd,asd,,,,,,,,,CLIENTES_1785766488503_611560
561,asd,,,,,,,,,,,CLIENTES_1785766508523_479604
562,asd,,,,,,,,,,,CLIENTES_1785766721027_733845
563,asd,,,,,,,,,,,CLIENTES_1785766860948_265692
564,asd,,,,,,,,,,,CLIENTES_1785767023462_223590
565,asd,,,,,,,,,,,CLIENTES_1785767053381_849467
566,asd,,,,,,,,,,,CLIENTES_1785767212115_172022
567,asd,,,,,,,,,,,CLIENTES_1785767212146_208540
568,asd,,,,,,,,,,,CLIENTES_1785767310592_64521
569,asd,,,,,,,,,,,CLIENTES_1785767594560_225396
570,asdasdas,asdsadad,asdasd,,,,,,,,,CLIENTES_1785767644589_169498
571,asdasdas,asdsadad,asdasd,,,,,,,,,CLIENTES_1785767754626_750104
572,asdasdas,,,,,,,,,,,CLIENTES_1785767784503_858040
573,asdasdas,,,,,,,,,,,CLIENTES_1785768012021_48998
574,asdasdas,,,,,,,,,,,CLIENTES_1785768022041_611573
575,asdasdas,,,,,,,,,,,CLIENTES_1785768022041_880784
576,asdasdas,,,,,,,,,,,CLIENTES_1785768032590_190578
577,asdasdas,,,,,,,,,,,CLIENTES_1785768032590_452133
578,asdasdas,,,,,,,,,,,CLIENTES_1785768102001_103802
579,asd,,,,,,,,,,,CLIENTES_1785768111994_409651
580,usus,67484,,,,,,,,,,CLIENTES_1785768172034_66056
581,usus,67484,,,,,,,,,,CLIENTES_1785768243161_10330
582,usus,,,,,,,,,,,CLIENTES_1785768332032_551755
583,asdasdas,,,,,,,,,,,CLIENTES_1785768371953_592566
584,Ministerio de Educación,,,,,,,,,,,CLIENTES_1785768381947_623988
585,usus,,,,,,,,,,,CLIENTES_1785768411952_564016
586,asdasdas,,,,,,,,,,,CLIENTES_1785768541904_829195
587,asdasdas,,,,,,,,,,,CLIENTES_1785768754815_85711
588,Unidad Administrativa Financiera,,,,,,,,,,,CLIENTES_1785769036334_660497
589,Unidad Administrativa Financiera,,,,,,,,,,,CLIENTES_1785769281570_237394
590,Unidad Administrativa Financiera,,,,,,,,,,,CLIENTES_1785769567866_900801
591,Unidad Administrativa Financiera,,,,,,,,,,,CLIENTES_1785769587812_367132
592,Unidad Administrativa Financiera,,,,,,,,,,,CLIENTES_1785769587812_77614
593,asd,,,,,,,,,,,CLIENTES_1785769597845_876213
594,usus,,,,,,,,,,,CLIENTES_1785769597845_879091
595,Unidad Administrativa Financiera,,,,,,,,,,,CLIENTES_1785769617857_996584
596,Unidad Administrativa Financiera,,,,,,,,,,,CLIENTES_1785769667961_684262
597,Unidad Administrativa Financiera,,,,,,,,,,,CLIENTES_1785769903761_10202
598,Unidad Administrativa Financiera,,,,,,,,,,,CLIENTES_1785769933711_68613
599,Unidad Administrativa Financiera,,,,,,,,,,,CLIENTES_1785769943739_917048
600,Unidad Administrativa Financiera,,,,,,,,,,,CLIENTES_1785769959024_47056
601,Unidad Administrativa Financiera,,,,,,,,,,,CLIENTES_1785770037956_112908
602,Unidad Administrativa Financiera,,,,,,,,,,,CLIENTES_1785770046048_465977
603,Unidad Administrativa Financiera,,,,,,,,,,,CLIENTES_1785770046048_809786
604,Unidad Administrativa Financiera,,,,,,,,,,,CLIENTES_1785770156048_818960
605,Unidad Administrativa Financiera,,,,,,,,,,,CLIENTES_1785770226040_64148
606,Unidad Administrativa Financiera,,,,,,,,,,,CLIENTES_1785770291873_20261
607,Unidad Administrativa Financiera,,,,,,,,,,,CLIENTES_1785770297463_161289
608,Unidad Administrativa Financiera,,,,,,,,,,,CLIENTES_1785770321902_670048
609,Unidad Administrativa Financiera,,,,,,,,,,,CLIENTES_1785770701928_264764
610,Unidad Administrativa Financiera,,,,,,,,,,,CLIENTES_1785770721217_161179
611,asd,,,,,,,,,,,CLIENTES_1785770721217_215078
612,Unidad Administrativa Financiera,,,,,,,,,,,CLIENTES_1785770731861_209307
613,usus,,,,,,,,,,,CLIENTES_1785770761880_526629
614,Unidad Administrativa Financiera,,,,,,,,,,,CLIENTES_1785770761880_748485
615,Unidad Administrativa Financiera,,,,,,,,,,,CLIENTES_1785770786795_709916
616,Unidad Administrativa Financiera,,,,,,,,,,,CLIENTES_1785770794904_338437
617,Unidad Administrativa Financiera,,,,,,,,,,,CLIENTES_1785770934970_692294
618,Ministerio de Educación,,,,,,,,,,,CLIENTES_1785770934971_108682
619,Unidad Administrativa Financiera,,,,,,,,,,,CLIENTES_1785770944598_668215
620,Ministerio de Educación,,,,,,,,,,,CLIENTES_1785770954587_587055
621,juan,,,,,,,,,,,CLIENTES_1785771161076_236446
622,asdas,dsa,asd,,,,,,,,,CLIENTES_1785771171060_580643
623,Juan lopes,,,,,,,,,,,CLIENTES_1785775276686_132362
624,Juan López,,,,,,,,,,,CLIENTES_1785775276687_838514
625,Juan López,33333333,,,,,,,,,,CLIENTES_1785775286686_215759
626,Juan López,33333333,,,,,,,,,,CLIENTES_1785775296708_698349
627,Juan López,33333333,,,,,,,,,,CLIENTES_1785775316760_676687
628,Juan López,33333333,,,,,,,,,,CLIENTES_1785775326685_59171
629,Juan López,33333333,,,,,,,,,,CLIENTES_1785775336683_963615
630,Juan López,33333333,,,,,,,,,,CLIENTES_1785775356705_923017
631,Juan López,33333333,,,,,,,,,,CLIENTES_1785775386710_246621
632,Juan López,,,,,,,,,,,CLIENTES_1785775396649_967715
633,Juan López,,,,,,,,,,,CLIENTES_1785775416696_366304
634,Juan López,,,,,,,,,,,CLIENTES_1785775446666_888357
635,Juan López,,,,,,,,,,,CLIENTES_1785775456772_983724
636,Juan López,,,,,,,,,,,CLIENTES_1785775486697_707542
637,Juan López,,,,,,,,,,,CLIENTES_1785775527287_618232
638,Juan López,,,,,,,,,,,CLIENTES_1785775536721_740796
639,Juan López,,,,,,,,,,,CLIENTES_1785775536721_809823
640,Juan López,,,,,,,,,,,CLIENTES_1785775779141_947404
641,Juan López,,,,,,,,,,,CLIENTES_1785775818428_124554
642,Juan López,,,,,,,,,,,CLIENTES_1785775828422_370700
643,Unidad Administrativa Financiera,,,,,,,,,,,CLIENTES_1785776148443_406740
644,Juan López,,,,,,,,,,,CLIENTES_1785776178352_739970
645,Juan López,,,,,,,,,,,CLIENTES_1785776208406_277859
646,Juan López,,,,,,,,,,,CLIENTES_1785776248335_158850
647,Juan López,,,,,,,,,,,CLIENTES_1785776258314_271218
648,GAMEA,,,,,,,,,,,CLIENTES_1785777738979_670249
649,GAMEA,,,,,,,,,,,CLIENTES_1785777789013_381486
650,GAMEA,,,,,,,,,,,CLIENTES_1785777829233_485540
651,GAMEA,,,,,,,,,,,CLIENTES_1785777839019_493377
652,GAMEA,,,,,,,,,,,CLIENTES_1785777878936_201112
653,SENASIR,,,,,,,,,,,CLIENTES_1785780492752_975575
654,Victor,,,,,,,,,,,CLIENTES_1785780552156_460729
655,Victor Burgoa,,,,,,,,,,,CLIENTES_1785780647959_690090
656,Victor Burgoa,,,,,,,,,,,CLIENTES_1785780657949_872825
657,Victor Burgoa,,,,,,,,,,,CLIENTES_1785780677951_146307
658,Victor Burgoa,,,,,,,,,,,CLIENTES_1785780683843_4353
659,Ministerio de Educación,,,,,,,,,,,CLIENTES_1785780825692_714568
660,Ministerio de Educación,,,,,,,,,,,CLIENTES_1785780825693_726109
661,Claudii,,,,,,,,,,,CLIENTES_1785792169549_737415
662,Claudia,,,,,,,,,,,CLIENTES_1785792179236_898673
663,Unidad Administrativa Financiera,,,,,,,,,,,CLIENTES_1785793051990_744402
664,Claudia,,,,,,,,,,,CLIENTES_1785793061879_228088
665,PÚBLICO EN GENERAL,933 407 300 / 997 140 899,yovanavillarl@gmail.com,,,,,,,,,CLIENTES_1785793083932_96037
666,joe,,,,,,,,,,,CLIENTES_1785796462777_881345
667,joel,,,,,,,,,,,CLIENTES_1785796682799_221090
668,joel,,,,,,,,,,,CLIENTES_1785796712810_711280
669,joel,,,,,,,,,,,CLIENTES_1785796772767_828647
670,joel,,,,,,,,,,,CLIENTES_1785796812837_536369
671,joel,,,,,,,,,,,CLIENTES_1785796823218_832261
672,José,,,,,,,,,,,CLIENTES_1785796852759_640265
673,jowr,,,,,,,,,,,CLIENTES_1785796852759_780935
674,m,,,,,,,,,,,CLIENTES_1785796852759_950716
675,José,,,,,,,,,,,CLIENTES_1785796872841_708291
676,José,,,,,,,,,,,CLIENTES_1785796892810_897382
677,Cr,,,,,,,,,,,CLIENTES_1785797185786_318988
678,Cri,,,,,,,,,,,CLIENTES_1785797186057_727477
679,Cris,,,,,,,,,,,CLIENTES_1785797195870_26466
680,Cristian,,,,,,,,,,,CLIENTES_1785797195870_499959
681,Crist,,,,,,,,,,,CLIENTES_1785797195870_69185
682,Cristya,,,,,,,,,,,CLIENTES_1785797195870_8602
683,Cristy,,,,,,,,,,,CLIENTES_1785797195870_996502
684,Cristian,,,,,,,,,,,CLIENTES_1785797833948_744246
685,Cristian,,,,,,,,,,,CLIENTES_1785867192645_11004
686,Mar,,,,,,,,,,,CLIENTES_1785867472641_278831
687,Mario,,,,,,,,,,,CLIENTES_1785867472641_519611
688,Ma,,,,,,,,,,,CLIENTES_1785867472641_752429
689,Mario,,,,,,,,,,,CLIENTES_1785867671312_388057
690,hh,,,,,,,,,,,CLIENTES_1785867710795_734949
691,Mario,,,,,,,,,,,CLIENTES_1785867722619_231499
692,Victor Burgoa,,,,,,,,,,,CLIENTES_1785867812661_159251
693,Claudia,,,,,,,,,,,CLIENTES_1785868511249_86239
694,Ministerio de Educación,,,,,,,,,,,CLIENTES_1785868919289_744353
695,Mario,,,,,,,,,,,CLIENTES_1785868929312_999867
696,Mario,,,,,,,,,,,CLIENTES_1785868939334_57580
697,hh,,,,,,,,,,,CLIENTES_1785868949291_15861
698,Ministerio de Educación,,,,,,,,,,,CLIENTES_1785868949291_218953
699,Unidad Administrativa Financiera,,,,,,,,,,,CLIENTES_1785868949291_819642
700,joel,,,,,,,,,,,CLIENTES_1785868959323_81482
701,Cristian,,,,,,,,,,,CLIENTES_1785872258040_909881
702,almir,,,,,,,,,,,CLIENTES_1785869720712_458169
703,asdas,,,,,,,,,,,CLIENTES_1785869720713_955229
704,Test,,,,,,,,,,,CLIENTES_1785869730676_153443
705,SENASIR,,,,,,,,,,,CLIENTES_1785870170250_767258
706,Almir Villca,,,,,,,,,,,CLIENTES_1785870180223_240595
707,SENASIR,,,,,,,,,,,CLIENTES_1785870180223_270524
708,José,,,,,,,,,,,CLIENTES_1785870727748_705976
709,Almir Villca,,,,,,,,,,,CLIENTES_1785870841155_198958
710,MINISTERIO DE EDUCACION- I.F.A. ESCUELA DE DANZA DEL BALLET OFICIAL,,,,,,,,,,,CLIENTES_1785870841156_265612
711,MINISTERIO DE EDUCACION- I.F.A. ESCUELA DE DANZA DEL BALLET OFICIAL,,,,,,,,,,,CLIENTES_1785870841156_936461
712,Unidad Administrativa Financiera,,,,,,,,,,,CLIENTES_1785871318856_120300
713,Almir Villca,,,,,,,,,,,CLIENTES_1785871328784_366912
714,hh,,,,,,,,,,,CLIENTES_1785871601048_353086
715,Mario,,,,,,,,,,,CLIENTES_1785872576261_909389
716,hh,,,,,,,,,,,CLIENTES_1785871721005_779365
717,vhvhvhv,,,,,,,,,,,CLIENTES_1785871779361_908321
718,usus,,,,,,,,,,,CLIENTES_1785871794959_523592
719,Voctor,,,,,,,,,,,CLIENTES_1785871855167_421131
720,Victor,,,,,,,,,,,CLIENTES_1785871895170_191047
721,joel,,,,,,,,,,,CLIENTES_1785871901039_959
722,Victor,,,,,,,,,,,CLIENTES_1785871915145_585847
723,Victor,,,,,,,,,,,CLIENTES_1785871945182_895692
724,Viceministerio de Deporte,,,,,,,,,,,CLIENTES_1785872021964_403321
725,José,,,,,,,,,,,CLIENTES_1785872027076_967979
726,Almir Villca,,,,,,,,,,,CLIENTES_1785872041952_547597
727,Victor,,,,,,,,,,,CLIENTES_1785872069043_204539
728,Victor,,,,,,,,,,,CLIENTES_1785872135245_4963
729,José,,,,,,,,,,,CLIENTES_1785872271841_209070
730,Victor,,,,,,,,,,,CLIENTES_1785872443127_31750
731,uus,,,,,,,,,,,CLIENTES_1785872443128_526334
732,ju,,,,,,,,,,,CLIENTES_1785872463216_16143
733,hh,,,,,,,,,,,CLIENTES_1785872553118_320610
734,yvvy,,,,,,,,,,,CLIENTES_1785872563138_615185
735,Cristian,,,,,,,,,,,CLIENTES_1785872663112_331286
736,yvvy,,,,,,,,,,,CLIENTES_1785872683143_46060
737,k,,,,,,,,,,,CLIENTES_1785872683144_425455
738,uu,,,,,,,,,,,CLIENTES_1785872784635_884021
739,uu,,,,,,,,,,,CLIENTES_1785877826529_340241
740,k,,,,,,,,,,,CLIENTES_1785872814626_696895
741,hh,,,,,,,,,,,CLIENTES_1785873060156_180319
742,asdas,,,,,,,,,,,CLIENTES_1785873060158_963389
743,Ministerio de Educación,,,,,,,,,,,CLIENTES_1785873066320_426112
744,Cristian,,,,,,,,,,,CLIENTES_1786973862664_762285
745,joel,,,,,,,,,,,CLIENTES_1785873210111_156824
746,Victor,,,,,,,,,,,CLIENTES_1785873240123_75656
747,yvvy,,,,,,,,,,,CLIENTES_1785873270095_337527
748,SENASIR,,,,,,,,,,,CLIENTES_1785874700961_857410
749,Almir Villca,,,,,,,,,,,CLIENTES_1785874744190_370384
750,k,,,,,,,,,,,CLIENTES_1785877872760_920821
751,uu,,,,,,,,,,,CLIENTES_1785877878439_973669
752,uu,,,,,,,,,,,CLIENTES_1785878229576_587611
753,uu,,,,,,,,,,,CLIENTES_1785878309579_505924
754,uu,,,,,,,,,,,CLIENTES_1785879068475_251608
755,uu,,,,,,,,,,,CLIENTES_1785879142588_125551
756,k,,,,,,,,,,,CLIENTES_1785879148487_987565
757,Lmir,,,,,,,,,,,CLIENTES_1785879158457_407719
758,mir,,,,,,,,,,,CLIENTES_1785879168443_341860
759,Vic,,,,,,,,,,,CLIENTES_1785879280315_398923
760,Vic,,,,,,,,,,,CLIENTES_1785879280316_267078
761,Vic,,,,,,,,,,,CLIENTES_1785879290412_259146
762,Vic,,,,,,,,,,,CLIENTES_1785879300341_489637
763,Vic,,,,,,,,,,,CLIENTES_1785879340316_555852
764,Vic,,,,,,,,,,,CLIENTES_1785879350305_787624
765,Vic,,,,,,,,,,,CLIENTES_1785879350305_238938
766,Vic,,,,,,,,,,,CLIENTES_1785879390328_175858
767,Vic,,,,,,,,,,,CLIENTES_1785879442411_628784
768,hshdj,,,,,,,,,,,CLIENTES_1785879479686_518607
769,hshdj,,,,,,,,,,,CLIENTES_1786979180089_718620
770,jdjdj,,,,,,,,,,,CLIENTES_1785879709682_612053
771,hshd,,,,,,,,,,,CLIENTES_1785879770879_223183
772,hshd,,,,,,,,,,,CLIENTES_1785879800862_887977
773,hshd,,,,,,,,,,,CLIENTES_1785879811055_280324
774,hshd,,,,,,,,,,,CLIENTES_1785879820859_160180
775,hshd,,,,,,,,,,,CLIENTES_1785879840886_545854
776,hshd,,,,,,,,,,,CLIENTES_1785879900868_255355
777,hshd,,,,,,,,,,,CLIENTES_1785879970862_969069
778,hshd,,,,,,,,,,,CLIENTES_1785884425974_128666
779,uu,,,,,,,,,,,CLIENTES_1786973849549_904171
780,jdjdj,,,,,,,,,,,CLIENTES_1785884759967_715625
781,Vic,,,,,,,,,,,CLIENTES_1785884759967_891338
782,Vic,,,,,,,,,,,CLIENTES_1785884769976_738517
783,jdjdj,,,,,,,,,,,CLIENTES_1785885139975_130124
784,Ministerio de Educación,,,,,,,,,,,CLIENTES_1785943986413_146313
785,Victor Burgoa,,,,,,,,,,,CLIENTES_1785885190771_18066
786,dkdbdfb,,,,,,,,,,,CLIENTES_1785891328801_374186
787,dkdbdfb,,,,,,,,,,,CLIENTES_1785891358675_483874
788,dkdbdfb,,,,,,,,,,,CLIENTES_1785891368653_52898
789,dkdbdfb,,,,,,,,,,,CLIENTES_1785891378675_193181
790,dkdbdfb,,,,,,,,,,,CLIENTES_1785891389655_634081
791,dkdbdfb,,,,,,,,,,,CLIENTES_1785891328801_374186
792,dkdbdfb,,,,,,,,,,,CLIENTES_1785891358675_483874
793,dkdbdfb,,,,,,,,,,,CLIENTES_1785891368653_52898
794,dkdbdfb,,,,,,,,,,,CLIENTES_1785891378675_193181
795,dkdbdfb,,,,,,,,,,,CLIENTES_1785891389655_634081
796,victir,,,,,,,,,,,CLIENTES_1785939668988_165710
797,jue,,,,,,,,,,,CLIENTES_1785940048990_166342
798,Migu,,,,,,,,,,,CLIENTES_1785940058996_604041
799,Miguel,,,,,,,,,,,CLIENTES_1785940208970_855117
800,Miguel,,,,,,,,,,,CLIENTES_1785940238998_39995
801,Miguel,,,,,,,,,,,CLIENTES_1785940348983_619687
802,Miguel,,,,,,,,,,,CLIENTES_1785940368961_4238
803,Miguel,,,,,,,,,,,CLIENTES_1785940428974_50968
804,victir,,,,,,,,,,,CLIENTES_1785940439328_884866
805,Miguel,,,,,,,,,,,CLIENTES_1785940439328_577715
806,Miguel,,,,,,,,,,,CLIENTES_1785940448975_21822
807,urjrjgkg,9899898,,,,,,,,,,CLIENTES_1785940468988_615447
808,Miguel,,,,,,,,,,,CLIENTES_1785955753412_744509
809,Miguel,,,,,,,,,,,CLIENTES_1785955793405_763520
810,Miguel,,,,,,,,,,,CLIENTES_1785955803381_27968
811,Ministerio de Educación,,,,,,,,,,,CLIENTES_1785955823384_649136
812,dkdbdfb,,,,,,,,,,,CLIENTES_1785955834772_477898
813,jdjdj,,,,,,,,,,,CLIENTES_1785955843487_240488
814,jdjdj,,,,,,,,,,,CLIENTES_1785955843487_631627
815,hshd,,,,,,,,,,,CLIENTES_1785955883417_859126
816,Miguel,,,,,,,,,,,CLIENTES_1785955993380_140044
817,Ministerio de Educación,,,,,,,,,,,CLIENTES_1785956023407_539518
818,Ministerio de Educación,,,,,,,,,,,CLIENTES_1785956053379_226780
819,Miguel,,,,,,,,,,,CLIENTES_1785958104846_784591
820,Ministerio de Educación,,,,,,,,,,,CLIENTES_1785960090680_379639
821,Miguel,,,,,,,,,,,CLIENTES_1785960139889_663112
822,hshd,,,,,,,,,,,CLIENTES_1786974119561_681744
823,dkdbdfb,,,,,,,,,,,CLIENTES_1786370110361_253173
824,Miguel,,,,,,,,,,,CLIENTES_1785961964910_937644
825,Miguel,,,,,,,,,,,CLIENTES_1785961983984_722992
826,Ministerio de Educación,,,,,,,,,,,CLIENTES_1785962023951_578602
827,Miguel,,,,,,,,,,,CLIENTES_1786369109962_375702
828,Ministerio de Educación,,,,,,,,,,,CLIENTES_1785962083961_800468
829,Ministerio de Educación,,,,,,,,,,,CLIENTES_1785964773463_466874
830,UNIVERSIDAD MAYOR DE SAN ANDRES - CARRERA DE LINGÜÍSTICA E IDIOMAS,,,,,,,,,,,CLIENTES_1785975649653_65631
831,o,,,,,,,,,,,CLIENTES_1785975669645_87753
832,oedr,,,,,,,,,,,CLIENTES_1785975669645_52711
833,pedro,,,,,,,,,,,CLIENTES_1785975669646_866697
834,pedro,,,,,,,,,,,CLIENTES_1785975739610_765333
835,Jose,,,,,,,,,,,CLIENTES_1785986685914_734229
836,Casatez,,,,,,,,,,,CLIENTES_1786286795346_170947
837,Casate,,,,,,,,,,,CLIENTES_1786286795347_29533
838,Casatex,,,,,,,,,,,CLIENTES_1786286795347_797630
839,Lizardo,,,,,,,,,,,CLIENTES_1786287397390_376814
840,Lizardo Valdez,,,,,,,,,,,CLIENTES_1786287407373_323844
841,Lizardo Valdez,,,,,,,,,,,CLIENTES_1786287737439_878956
842,Lizardo Valdez,,,,,,,,,,,CLIENTES_1786369399954_90926
843,fhy,556666,,,,,,,,,,CLIENTES_1786368838608_569547
844,pedro,,,,,,,,,,,CLIENTES_1786371392858_367299
845,dkdbdfb,,,,,,,,,,,CLIENTES_1786370315498_714755
846,Juan López,,,,,,,,,,,CLIENTES_1786370576464_771999
847,Lopez,,,,,,,,,,,CLIENTES_1786370759790_643148
848,FRATELLI,,,,,,,,,,,CLIENTES_1786370779771_620042
849,tt,,,,,,,,,,,CLIENTES_1786370859768_394681
850,holq,,,,,,,,,,,CLIENTES_1786370859768_837209
851,José,,,,,,,,,,,CLIENTES_1786371095992_640705
852,fhy,,,,,,,,,,,CLIENTES_1786371129466_482669
853,fhy,,,,,,,,,,,CLIENTES_1786371523786_875172
854,fhy,,,,,,,,,,,CLIENTES_1786371538915_499251
855,fhy,,,,,,,,,,,CLIENTES_1786371608861_589296
856,Ministerio de Educación,,,,,,,,,,,CLIENTES_1786371628886_254880
857,fhy,,,,,,,,,,,CLIENTES_1786371709118_249984
858,fhy,,,,,,,,,,,CLIENTES_1786371738886_858722
859,Casatex,,,,,,,,,,,CLIENTES_1786371788874_680405
860,Casatex,,,,,,,,,,,CLIENTES_1786371828871_72820
861,fhy,,,,,,,,,,,CLIENTES_1786372038858_794995
862,Ministerio de Educación,,,,,,,,,,,CLIENTES_1786372088875_48839
863,fhy,,,,,,,,,,,CLIENTES_1786372485142_255436
864,Casatex,,,,,,,,,,,CLIENTES_1786372493247_897419
865,pedro,,,,,,,,,,,CLIENTES_1786372505138_352426
866,Ministerio de Educación,,,,,,,,,,,CLIENTES_1786980652659_949026
867,pedro,,,,,,,,,,,CLIENTES_1786372505138_716832
868,urjrjgkg,,,,,,,,,,,CLIENTES_1786372540508_689126
869,Lizardo Valdez,,,,,,,,,,,CLIENTES_1786372540508_268663
870,Lizardo Valdez,,,,,,,,,,,CLIENTES_1786372730467_694543
871,Casatex,,,,,,,,,,,CLIENTES_1786372924868_465077
872,fhy,,,,,,,,,,,CLIENTES_1786373229004_511210
873,Lizardo Valdez,,,,,,,,,,,CLIENTES_1786373233612_346094
874,fhy,,,,,,,,,,,CLIENTES_1786373243955_615178
875,Miguel,,,,,,,,,,,CLIENTES_1786983308954_523318
876,hj,,,,,,,,,,,CLIENTES_1786373373926_401578
877,Lizardo Valdez,,,,,,,,,,,CLIENTES_1786373663776_702623
878,Vic,,,,,,,,,,,CLIENTES_1786373753798_791473
879,Vic,,,,,,,,,,,CLIENTES_1786373763867_449844
880,Vic,,,,,,,,,,,CLIENTES_1786373763867_158077
881,Casatex,,,,,,,,,,,CLIENTES_1786373773792_589695
882,Vic,,,,,,,,,,,CLIENTES_1786373783790_596291
883,Vic,,,,,,,,,,,CLIENTES_1786373783790_73872
884,Vic,,,,,,,,,,,CLIENTES_1786373793792_669625
885,Vic,,,,,,,,,,,CLIENTES_1786373793792_349591
886,Vic,,,,,,,,,,,CLIENTES_1786373800945_463234
887,Casatex,,,,,,,,,,,CLIENTES_1786373803818_522890
888,Lizardo Valdez,,,,,,,,,,,CLIENTES_1786373813777_689100
889,Vic,,,,,,,,,,,CLIENTES_1786374368933_344626
890,ya ht,,,,,,,,,,,CLIENTES_1786374468936_990961
891,Lizardo Valdez,,,,,,,,,,,CLIENTES_1786374568932_340449
892,ya ht,,,,,,,,,,,CLIENTES_1786374979133_420201
893,ya ht,,,,,,,,,,,CLIENTES_1786375006503_480587
894,ya ht,,,,,,,,,,,CLIENTES_1786375006503_409993
895,Lizardo Valdez,,,,,,,,,,,CLIENTES_1786375049195_623695
896,ya ht,,,,,,,,,,,CLIENTES_1786375294551_95926
897,fhy,,,,,,,,,,,CLIENTES_1786375294552_202235
898,ya ht,,,,,,,,,,,CLIENTES_1786375582458_583393
899,Vic,,,,,,,,,,,CLIENTES_1786375582459_459745
900,Lizardo Valdez,,,,,,,,,,,CLIENTES_1786375943463_333555
901,ya ht,,,,,,,,,,,CLIENTES_1786376320394_343313
902,Lizardo Valdez,,,,,,,,,,,CLIENTES_1786376330295_915426
903,hj,,,,,,,,,,,CLIENTES_1786376340286_969053
904,ya ht,,,,,,,,,,,CLIENTES_1786376761476_304820
905,fhy,,,,,,,,,,,CLIENTES_1786376765012_511595
906,Lizardo Valdez,,,,,,,,,,,CLIENTES_1786376771443_73810
907,hj,,,,,,,,,,,CLIENTES_1786376791444_314127
908,hj,,,,,,,,,,,CLIENTES_1786376811499_739089
909,hj,,,,,,,,,,,CLIENTES_1786376811499_101147
910,hj,,,,,,,,,,,CLIENTES_1786376941440_9546
911,Lizardo Valdez,,,,,,,,,,,CLIENTES_1786377174873_288536
912,hj,,,,,,,,,,,CLIENTES_1786377174874_691820
913,ya ht,,,,,,,,,,,CLIENTES_1786377214790_760179
914,Vic,,,,,,,,,,,CLIENTES_1786377214790_866659
915,Lizardo Valdez,,,,,,,,,,,CLIENTES_1786377524095_965945
916,ya ht,,,,,,,,,,,CLIENTES_1786377524095_528592
917,Lizardo Valdez,,,,,,,,,,,CLIENTES_1786377544115_490398
918,Almir,,,,,,,,,,,CLIENTES_1786377812409_185420
919,Almir,,,,,,,,,,,CLIENTES_1786377874118_467519
920,Almir,,,,,,,,,,,CLIENTES_1786378134112_173799
921,Almir,,,,,,,,,,,CLIENTES_1786378154109_440975
922,Almir,,,,,,,,,,,CLIENTES_1786378174111_254437
923,Manoela,,,,,,,,,,,CLIENTES_1786378231329_425260
924,Manoela,,,,,,,,,,,CLIENTES_1786378361314_252876
925,Casatex,,,,,,,,,,,CLIENTES_1786378731309_979154
926,Lizardo Valdez,,,,,,,,,,,CLIENTES_1786378881329_483960
927,Lizardo Valdez,,,,,,,,,,,CLIENTES_1786378881329_974496
928,Manoela,,,,,,,,,,,CLIENTES_1786974895750_862500
929,Lizardo Valdez,,,,,,,,,,,CLIENTES_1786379021318_21803
930,almkr,,,,,,,,,,,CLIENTES_1786379144027_458013
931,almir g,69732537,,,,,,,,,,CLIENTES_1786379164009_408122
932,almir g,,,,,,,,,,,CLIENTES_1786379174007_543770
933,almir g,,,,,,,,,,,CLIENTES_1786379520391_813823
934,Lizardo Valdez,,,,,,,,,,,CLIENTES_1786455059449_491850
935,selo,,,,,,,,,,,CLIENTES_1786380284938_136295
936,selor,,,,,,,,,,,CLIENTES_1786380284939_215352
937,selor,,,,,,,,,,,CLIENTES_1786380306190_243249
938,UNI,75218664,,,,,,,,,,CLIENTES_1786391351666_101836
939,ARA,75218664,,,,,,,,,,CLIENTES_1786391351666_112614
940,UNIVERSIDAD MAYOR,75218664,,,,,,,,,,CLIENTES_1786391351666_164020
941,UNAUNIVER,75218664,,,,,,,,,,CLIENTES_1786391351666_175387
942,UNIVERSIDAD MAYOR DE,75218664,,,,,,,,,,CLIENTES_1786391351666_180681
943,ARAUNIVER,75218664,,,,,,,,,,CLIENTES_1786391351666_243875
944,UNIVERSIDAD,,,,,,,,,,,CLIENTES_1786391351666_379385
945,UNICE,75218664,,,,,,,,,,CLIENTES_1786391351666_906590
946,AUNIVER,75218664,,,,,,,,,,CLIENTES_1786391351666_94644
947,UNIVERSIDAD MAYOR DE SAN AND,,,,,,,,,,,CLIENTES_1786391361658_759701
948,UNI,75218664,,,,,,,,,,CLIENTES_1786391351666_101836
949,ARA,75218664,,,,,,,,,,CLIENTES_1786391351666_112614
950,UNIVERSIDAD MAYOR,75218664,,,,,,,,,,CLIENTES_1786391351666_164020
951,UNAUNIVER,75218664,,,,,,,,,,CLIENTES_1786391351666_175387
952,UNIVERSIDAD MAYOR DE,75218664,,,,,,,,,,CLIENTES_1786391351666_180681
953,ARAUNIVER,75218664,,,,,,,,,,CLIENTES_1786391351666_243875
954,UNIVERSIDAD,,,,,,,,,,,CLIENTES_1786391351666_379385
955,UNICE,75218664,,,,,,,,,,CLIENTES_1786391351666_906590
956,AUNIVER,75218664,,,,,,,,,,CLIENTES_1786391351666_94644
957,UNIVERSIDAD MAYOR DE SAN AND,,,,,,,,,,,CLIENTES_1786391361658_759701
958,UNIVERSIDAD MAYOR DE SAN ANDRES,,,,,,,,,,,CLIENTES_1786471765154_14170
959,UNIVERSIDAD MAYOR DE SAN ANDRES,,,,,,,,,,,CLIENTES_1786472114584_245393
960,Universidad Mayor de San Andres,,,,,,,,,,,CLIENTES_1786472124596_817091
961,selor,,,,,,,,,,,CLIENTES_1786472124596_752751
962,UNIVERSIDAD MAYOR DE SAN ANDRES,,,,,,,,,,,CLIENTES_1786472254585_147174
963,UNIVERSIDAD MAYOR DE SAN ANDRES,,,,,,,,,,,CLIENTES_1786472274683_949653
964,UNIVERSIDAD MAYOR DE SAN ANDRES,,,,,,,,,,,CLIENTES_1786472294581_305818
965,frrccr,319339,btbtbt,,,,,,,,,CLIENTES_1786472664626_561212
966,UNIVERSIDAD MAYOR DE SAN ANDRES,,,,,,,,,,,CLIENTES_1786472724598_584479
967,g,,,,,,,,,,,CLIENTES_1786472844578_222905
968,Sin Cliente,,,,,,,,,,,CLIENTES_1786473253657_125881
969,frrccr,,,,,,,,,,,CLIENTES_1786473253657_501927
970,UNIVERSIDAD MAYOR DE SAN ANDRES,,,,,,,,,,,CLIENTES_1786473254019_587334
971,qhr,,,,,,,,,,,CLIENTES_1786473273657_53455
972,UNIVERSIDAD MAYOR DE SAN ANDRES,,,,,,,,,,,CLIENTES_1786473413675_383065
973,UNIVERSIDAD MAYOR DE SAN ANDRES,,,,,,,,,,,CLIENTES_1786473739816_684905
974,UNIVERSIDAD MAYOR DE SAN ANDRES,,,,,,,,,,,CLIENTES_1786473944911_817145
975,UNIVERSIDAD MAYOR DE SAN ANDRES,,,,,,,,,,,CLIENTES_1786474111091_91674
976,Sin Cliente,,,,,,,,,,,CLIENTES_1786474279492_2421
977,UNIVERSIDAD MAYOR DE SAN ANDRES,,,,,,,,,,,CLIENTES_1786474279493_359940
978,UNIVERSIDAD MAYOR DE SAN ANDRES,,,,,,,,,,,CLIENTES_1786474389817_281844
979,UNIVERSIDAD MAYOR DE SAN ANDRES,,,,,,,,,,,CLIENTES_1786474586423_259931
980,UNIVERSIDAD MAYOR DE SAN ANDRES,,,,,,,,,,,CLIENTES_1786474746405_631551
981,Lizardo Valdez,,,,,,,,,,,CLIENTES_1786474746405_240118
982,Lizardo Valdez,,,,,,,,,,,CLIENTES_1786475034257_897019
983,UNIVERSIDAD MAYOR DE SAN ANDRES,,,,,,,,,,,CLIENTES_1786475216137_391675
984,UNIVERSIDAD MAYOR DE SAN ANDRES,,,,,,,,,,,CLIENTES_1786477790036_981048
985,Sin Cliente,,,,,,,,,,,CLIENTES_1786483009735_663523
986,UNIVERSIDAD MAYOR DE SAN ANDRES,,,,,,,,,,,CLIENTES_1786483009736_811874
987,UNIVERSIDAD MAYOR DE SAN ANDRES,,,,,,,,,,,CLIENTES_1786483630155_86935
988,Almir,,,,,,,,,,,CLIENTES_1786483975809_223405
989,Sin Cliente,,,,,,,,,,,CLIENTES_1786485172812_529648
990,UNIVERSIDAD MAYOR DE SAN ANDRES,,,,,,,,,,,CLIENTES_1786485172813_970265
991,Vicepresidencia del Estado Plurinacional,,,,,,,,,,,CLIENTES_1786485175327_748416
992,José,,,,,,,,,,,CLIENTES_1786485182796_43805
993,UNIVERSIDAD MAYOR DE SAN ANDRES,,,,,,,,,,,CLIENTES_1786485215353_981327
994,Sin Cliente,,,,,,,,,,,CLIENTES_1786558546296_599149
995,Sin Cliente,,,,,,,,,,,CLIENTES_1786559314414_247159
996,Sin Cliente,,,,,,,,,,,CLIENTES_1786559666149_792016
997,jsewu,,,,,,,,,,,CLIENTES_1786559866137_108373
998,ja,,,,,,,,,,,CLIENTES_1786560075782_348255
999,iie,,,,,,,,,,,CLIENTES_1786560092903_554880
1000,Almir,,,,,,,,,,,CLIENTES_1786560110610_430902
1001,iie,,,,,,,,,,,CLIENTES_1786560112832_289846
1002,iie,,,,,,,,,,,CLIENTES_1786560316762_444484
1003,iie,,,,,,,,,,,CLIENTES_1786560335781_5522
1004,UNIVERSIDAD MAYOR DE SAN ANDRES,,,,,,,,,,,CLIENTES_1786561106017_944848
1005,xxx,,,,,,,,,,,CLIENTES_1786561176029_51128
1006,xxx,,,,,,,,,,,CLIENTES_1786561628202_823502
1007,xxx,,,,,,,,,,,CLIENTES_1786561638215_538382
1008,vgvhyv,,,,,,,,,,,CLIENTES_1786562139641_172666
1009,nyny,,,,,,,,,,,CLIENTES_1786562531398_429970
1010,btbtbt,,,,,,,,,,,CLIENTES_1786562770661_411602
1011,btbtbt,,,,,,,,,,,CLIENTES_1786562780630_376457
1012,Casatex,,,,,,,,,,,CLIENTES_1786801915197_246474
1013,Victor,,,,,,,,,,,CLIENTES_1786978178576_296023
1014,ya ht,,,,,,,,,,,CLIENTES_1786562989314_556541
1015,UNIVERSIDAD MAYOR DE SAN ANDRES,,,,,,,,,,,CLIENTES_1786565534008_963480
1016,tgc,,,,,,,,,,,CLIENTES_1786565640390_242183
1017,kbini,,,,,,,,,,,CLIENTES_1786565710483_640748
1018,kbini,,,,,,,,,,,CLIENTES_1786565740471_64039
1019,kbini,,,,,,,,,,,CLIENTES_1786565810397_777442
1020,Universidad Mayor de San Andres,,,,,,,,,,,CLIENTES_1786565810398_121919
1021,urjrjgkg,,,,,,,,,,,CLIENTES_1786565810398_213305
1022,kbini,,,,,,,,,,,CLIENTES_1786565994973_448712
1023,kbini,,,,,,,,,,,CLIENTES_1786565994974_569400
1024,Vicepresidencia del Estado Plurinacional,,,,,,,,,,,CLIENTES_1786566014879_952443
1025,Vic,,,,,,,,,,,CLIENTES_1786568684397_715985
1026,almir,,,,,,,,,,,CLIENTES_1786569037028_118672
1027,almir,,,,,,,,,,,CLIENTES_1786569430782_419400
1028,almir,,,,,,,,,,,CLIENTES_1786635231556_242481
1029,kbini,,,,,,,,,,,CLIENTES_1786570248916_305414
1030,kbini,,,,,,,,,,,CLIENTES_1786570268813_269847
1031,gracias c,,,,,,,,,,,CLIENTES_1786571651823_177277
1032,gracias c,,,,,,,,,,,CLIENTES_1786571717323_494581
1033,UNIVERSIDAD MAYOR DE SAN ANDRES,,,,,,,,,,,CLIENTES_1786571721120_974452
1034,UNIVERSIDAD MAYOR DE SAN ANDRES,,,,,,,,,,,CLIENTES_1786571761114_241120
1035,gracias c,,,,,,,,,,,CLIENTES_1786628971137_797296
1036,kbini,,,,,,,,,,,CLIENTES_1786801623416_505698
1037,gracias c,,,,,,,,,,,CLIENTES_1786629098377_481186
1038,gracias c,,,,,,,,,,,CLIENTES_1786629648820_828398
1039,gracias c,,,,,,,,,,,CLIENTES_1786629684040_391542
1040,UNIVERSIDAD MAYOR DE SAN ANDRES,,,,,,,,,,,CLIENTES_1786629684040_349806
1041,UNIVERSIDAD MAYOR DE SAN ANDRES,,,,,,,,,,,CLIENTES_1786629694021_375415
1042,UNIVERSIDAD MAYOR DE SAN ANDRES,,,,,,,,,,,CLIENTES_1786630378529_300819
1043,gracias c,,,,,,,,,,,CLIENTES_1786630618302_581837
1044,UNIVERSIDAD MAYOR DE SAN ANDRES,,,,,,,,,,,CLIENTES_1786630718490_742261
1045,UNIVERSIDAD MAYOR DE SAN ANDRES,,,,,,,,,,,CLIENTES_1786631242389_465911
1046,Lizardo Valdez,,,,,,,,,,,CLIENTES_1786631242391_508647
1047,gracias c,,,,,,,,,,,CLIENTES_1786633778131_276701
1048,almir,,,,,,,,,,,CLIENTES_1786635812255_597850
1049,almir,,,,,,,,,,,CLIENTES_1786635812255_985648
1050,gracias c,,,,,,,,,,,CLIENTES_1786635815075_965000
1051,almir,,,,,,,,,,,CLIENTES_1786635819224_550995
1052,Universidad Mayor de San Andres,,,,,,,,,,,CLIENTES_1786638551291_440746
1053,UNIVERSIDAD MAYOR DE SAN ANDRES,,,,,,,,,,,CLIENTES_1786802341961_521925
1054,Lizardo Valdez,,,,,,,,,,,CLIENTES_1786638614851_680427
1055,almir,,,,,,,,,,,CLIENTES_1786802325199_498651
1056,gracias c,,,,,,,,,,,CLIENTES_1786735553013_410663
1057,gracias c,,,,,,,,,,,CLIENTES_1786807440151_603576
1058,gracias c,,,,,,,,,,,CLIENTES_1786972267180_758729
1059,gracias c,,,,,,,,,,,CLIENTES_1786972267180_565128
1060,almir,,,,,,,,,,,CLIENTES_1787062544795_698812
1061,gracias c,,,,,,,,,,,CLIENTES_1786974085667_333074
1062,selor,,,,,,,,,,,CLIENTES_1786973104815_372983
1063,UNIVERSIDAD MAYOR DE SAN ANDRES,,,,,,,,,,,CLIENTES_1786973669619_833892
1064,djdjdj,,,,,,,,,,,CLIENTES_1786974182811_226864
1065,zbdbdjbdj,,,,,,,,,,,CLIENTES_1786974499288_110640
1066,gracias c,,,,,,,,,,,CLIENTES_1786974308991_696783
1067,gracias c,,,,,,,,,,,CLIENTES_1786974412532_572105
1068,Gabo,,,,,,,,,,,CLIENTES_1786974857235_31076
1069,Gabo,,,,,,,,,,,CLIENTES_1786976291522_860305
1070,gracias c,,,,,,,,,,,CLIENTES_1786976302305_31961
1071,gracias c,,,,,,,,,,,CLIENTES_1786976319231_706781
1072,zbdbdjbdj,,,,,,,,,,,CLIENTES_1786976432877_921626
1073,Ivan Machicado,,,,,,,,,,,CLIENTES_1786976879804_192469
1074,Ivan Machicadi,,,,,,,,,,,CLIENTES_1786976879804_332794
1075,Ivan M,,,,,,,,,,,CLIENTES_1786976879804_415716
1076,Ivan Machicafo,,,,,,,,,,,CLIENTES_1786976879804_427723
1077,Ivan,,,,,,,,,,,CLIENTES_1786976879804_5473
1078,Ivan Machicado,,,,,,,,,,,CLIENTES_1786979180089_343394
1079,Ivan Machicadi,,,,,,,,,,,CLIENTES_1786976879804_332794
1080,Ivan M,,,,,,,,,,,CLIENTES_1786976879804_415716
1081,Ivan Machicafo,,,,,,,,,,,CLIENTES_1786976879804_427723
1082,Ivan,,,,,,,,,,,CLIENTES_1786976879804_5473
1083,gracias c,,,,,,,,,,,CLIENTES_1786979170451_114295
1084,I,,,,,,,,,,,CLIENTES_1786977522190_569767
1085,I,,,,,,,,,,,CLIENTES_1786977853738_827645
1086,zbdbdjbdj,,,,,,,,,,,CLIENTES_1786977551065_836943
1087,Universidad Mayor de San Andres,,,,,,,,,,,CLIENTES_1786977806646_965055
1088,UNIVERSIDAD MAYOR DE SAN ANDRES,,,,,,,,,,,CLIENTES_1787069962603_321572
1089,Victor,,,,,,,,,,,CLIENTES_1786978707717_270720
1090,Victor,,,,,,,,,,,CLIENTES_1786978845952_628930
1091,Victor,,,,,,,,,,,CLIENTES_1786979026084_767222
1092,Victor,,,,,,,,,,,CLIENTES_1786979332306_172390
1093,gracias c,,,,,,,,,,,CLIENTES_1786979453458_480116
1094,Manoela,,,,,,,,,,,CLIENTES_1786980173545_988499
1095,Victor,,,,,,,,,,,CLIENTES_1786980189822_295359
1096,zbdbdjbdj,,,,,,,,,,,CLIENTES_1786980306950_933597
1097,Victor,,,,,,,,,,,CLIENTES_1786981221381_485803
1098,Ivan Machicado,,,,,,,,,,,CLIENTES_1786980853558_108009
1099,gracias c,,,,,,,,,,,CLIENTES_1787072861935_957267
1100,tgc,,,,,,,,,,,CLIENTES_1786981487376_490939
1101,Ivan Machicado,,,,,,,,,,,CLIENTES_1786981798920_992969
1102,zbdbdjbdj,,,,,,,,,,,CLIENTES_1786981798924_574537
1103,mu,,,,,,,,,,,CLIENTES_1786983218990_541748
1104,Miguel,,,,,,,,,,,CLIENTES_1786983815578_119987
1105,HANSS,,,,,,,,,,,CLIENTES_1786983973714_596978
1106,HANSA,,,,,,,,,,,CLIENTES_1786983973715_927098
1107,HANS,,,,,,,,,,,CLIENTES_1786983973715_996947
1108,UMSA,,,,,,,,,,,CLIENTES_1786984081279_881625
1109,HANSS,,,,,,,,,,,CLIENTES_1786985391694_143814
1110,Miguel,,,,,,,,,,,CLIENTES_1786985391696_313644
1111,HANSS,,,,,,,,,,,CLIENTES_1786985481608_420734
1112,Victor,,,,,,,,,,,CLIENTES_1786985481608_884987
1113,Miguel,,,,,,,,,,,CLIENTES_1786985571620_373633
1114,HANSS,,,,,,,,,,,CLIENTES_1786986336078_428670
1115,Miguel,,,,,,,,,,,CLIENTES_1786986336081_215427
1116,HANSS,,,,,,,,,,,CLIENTES_1787059487409_442749
1117,Miguel,,,,,,,,,,,CLIENTES_1787059505624_530837
1118,Miguel,,,,,,,,,,,CLIENTES_1787059505624_825020
1119,HANSS,,,,,,,,,,,CLIENTES_1787060608105_635802
1120,HANSS,,,,,,,,,,,CLIENTES_1787060652735_519166
1121,HANSS,,,,,,,,,,,CLIENTES_1787060652736_884696
1122,HANSS,,,,,,,,,,,CLIENTES_1787060652736_292446
1123,HANSS,,,,,,,,,,,CLIENTES_1787060652736_787401
1124,Miguel,,,,,,,,,,,CLIENTES_1787060652736_392565
1125,Miguel,,,,,,,,,,,CLIENTES_1787062544794_286170
1126,Victor,,,,,,,,,,,CLIENTES_1787060652736_373354
1127,PRUEBA,,,,,,,,,,,CLIENTES_1787060676744_206442
1128,PRUEBA,,,,,,,,,,,CLIENTES_1787060676744_263937
1129,HANSS,,,,,,,,,,,CLIENTES_1787060866423_546814
1130,PRUEBA,,,,,,,,,,,CLIENTES_1787060866423_878951
1131,PRUEBA,,,,,,,,,,,CLIENTES_1787060892148_918975
1132,PRUEBA,,,,,,,,,,,CLIENTES_1787062356533_272010
1133,PRUEBA,,,,,,,,,,,CLIENTES_1787062459572_432668
1134,PRUEBA,,,,,,,,,,,CLIENTES_1787062536399_412844
1135,PRUEBA,,,,,,,,,,,CLIENTES_1787063086904_17985
1136,Miguel,,,,,,,,,,,CLIENTES_1787064470712_697540
1137,PRUEBA,,,,,,,,,,,CLIENTES_1787064582162_951276
1138,PRUEBA,,,,,,,,,,,CLIENTES_1787064582162_603113
1139,UMSA,,,,,,,,,,,CLIENTES_1787064852088_747759
1140,PRUEBA,,,,,,,,,,,CLIENTES_1787064942066_582254
1141,PRUEBA,,,,,,,,,,,CLIENTES_1787064942066_26730
1142,Miguel,,,,,,,,,,,CLIENTES_1787065032079_519429
1143,PRUEBA,,,,,,,,,,,CLIENTES_1787065215262_746491
1144,PRUEBA,,,,,,,,,,,CLIENTES_1787065265360_526435
1145,PRUEBA,,,,,,,,,,,CLIENTES_1787065265360_178336
1146,zbdbdjbdj,,,,,,,,,,,CLIENTES_1787065291371_14862
1147,zbdbdjbdj,,,,,,,,,,,CLIENTES_1787065359954_242654
1148,PRUEBA,,,,,,,,,,,CLIENTES_1787065359954_317379
1149,Miguel,,,,,,,,,,,CLIENTES_1787065381387_730362
1150,UMSA,,,,,,,,,,,CLIENTES_1787070014897_93140
1151,Miguel,,,,,,,,,,,CLIENTES_1787066101447_544345
1152,PRUEBA,,,,,,,,,,,CLIENTES_1787066431499_259612
1153,Miguel,,,,,,,,,,,CLIENTES_1787067180795_143439
1154,Miguel,,,,,,,,,,,CLIENTES_1787067312019_99978
1155,PRUEBA,,,,,,,,,,,CLIENTES_1787067419233_286545
1156,HANSS,,,,,,,,,,,CLIENTES_1787067471042_47866
1157,PRUEBA,,,,,,,,,,,CLIENTES_1787067527564_163485
1158,PRUEBA,,,,,,,,,,,CLIENTES_1787067977645_747171
1159,PRUEBA,,,,,,,,,,,CLIENTES_1787068049043_347234
1160,PRUEBA,,,,,,,,,,,CLIENTES_1787068067934_478099
1161,Amir,,,,,,,,,,,CLIENTES_1787073336894_580753
1162,VICTOR,,,,,,,,,,,CLIENTES_1787089720137_615777
1163,Vic,,,,,,,,,,,CLIENTES_1787069162470_675926
1164,PRUEBA,,,,,,,,,,,CLIENTES_1787069273762_316847
1165,Vic,,,,,,,,,,,CLIENTES_1787069188336_516173
1166,Vic,,,,,,,,,,,CLIENTES_1787069273761_129291
1167,zbzjzb,898986,,,,,,,,,,CLIENTES_1787069273762_804342
1168,um,,,,,,,,,,,CLIENTES_1787070050106_793578
1169,umsa,,,,,,,,,,,CLIENTES_1787070103627_280152
1170,PRUEBA,,,,,,,,,,,CLIENTES_1787072988332_939381
1171,umsa,,,,,,,,,,,CLIENTES_1787070108660_63216
1172,Universidad Mayor de San Andres,,,,,,,,,,,CLIENTES_1787072861935_175849
1173,UMSA,,,,,,,,,,,CLIENTES_1787070371621_590551
1174,UMSA,,,,,,,,,,,CLIENTES_1787070940623_55482
1175,Miguel,,,,,,,,,,,CLIENTES_1787071279227_910225
1176,UMSA,,,,,,,,,,,CLIENTES_1787071356399_158176
1177,UMSA,,,,,,,,,,,CLIENTES_1787072211910_224740
1178,UMSA,,,,,,,,,,,CLIENTES_1787072248693_16272
1179,UMSA,,,,,,,,,,,CLIENTES_1787072784210_609023
1180,Vic,,,,,,,,,,,CLIENTES_1787072773254_223846
1181,UMSA,,,,,,,,,,,CLIENTES_1787072874102_374463
1182,NUNU,,,,,,,,,,,CLIENTES_1787089490235_825267
1183,NUNU,,,,,,,,,,,CLIENTES_1787089563949_399553
1184,NUNU,,,,,,,,,,,CLIENTES_1787089563951_179545
1185,NUNU,,,,,,,,,,,CLIENTES_1787089592453_602902
1186,NUNU,,,,,,,,,,,CLIENTES_1787089592453_710999
1187,NUNU,,,,,,,,,,,CLIENTES_1787089490235_825267
1188,NUNU,,,,,,,,,,,CLIENTES_1787089563949_399553
1189,NUNU,,,,,,,,,,,CLIENTES_1787089563951_179545
1190,NUNU,,,,,,,,,,,CLIENTES_1787089592453_602902
1191,NUNU,,,,,,,,,,,CLIENTES_1787089592453_710999
1192,umsa,,,,,,,,,,,CLIENTES_1787146122637_346158
1193,UMSA,,,,,,,,,,,CLIENTES_1787170284041_14025
1194,Vicepresidencia del Estado Plurinacional,,,,,,,,,,,CLIENTES_1787166470567_638851
1195,Nuni,,,,,,,,,,,CLIENTES_1787166832255_689027
1196,Juan,,,,,,,,,,,CLIENTES_1787166740652_383410
1197,djdjj,,,,,,,,,,,CLIENTES_1787166728855_540001
1198,Nuni,,,,,,,,,,,CLIENTES_1787167280560_11626
1199,Nuni,,,,,,,,,,,CLIENTES_1787167280560_48463
1200,Juan,,,,,,,,,,,CLIENTES_1787167280560_358917
1201,Nuni,,,,,,,,,,,CLIENTES_1787167280560_786403
1202,Nuni,,,,,,,,,,,CLIENTES_1787170284041_766114
1203,ASXI ALL,,,,,,,,,,,CLIENTES_1787170371953_582095
1204,ASCIN,,,,,,,,,,,CLIENTES_1787170371954_228209
1205,ASCI,,,,,,,,,,,CLIENTES_1787170371954_31619
1206,ASC,,,,,,,,,,,CLIENTES_1787170371954_741098
1207,AS,,,,,,,,,,,CLIENTES_1787170371954_786493
1208,ASINAL,,,,,,,,,,,CLIENTES_1787170371954_876835
1209,ASCINA,,,,,,,,,,,CLIENTES_1787170371955_146307
1210,ASCINALS,,,,,,,,,,,CLIENTES_1787170371955_799920
